{"stats":{"minecraft:broken":{"minecraft:stone_pickaxe":1,"minecraft:stone_axe":1,"minecraft:iron_pickaxe":3},"minecraft:used":{"minecraft:water_bucket":1,"minecraft:stone_sword":8,"minecraft:stone_pickaxe":198,"minecraft:oak_planks":2,"minecraft:wooden_pickaxe":17,"minecraft:iron_sword":49,"minecraft:torch":36,"minecraft:mutton":9,"minecraft:crafting_table":11,"minecraft:wooden_axe":14,"minecraft:bread":6,"minecraft:iron_pickaxe":966,"minecraft:stone_axe":131,"minecraft:wooden_sword":77,"minecraft:cobblestone":80,"minecraft:beef":17,"minecraft:porkchop":5,"minecraft:furnace":3,"minecraft:cooked_porkchop":7,"minecraft:bucket":2},"minecraft:crafted":{"minecraft:wooden_sword":1,"minecraft:oak_planks":4,"minecraft:coal":72,"minecraft:cooked_porkchop":4,"minecraft:crafting_table":3,"minecraft:spruce_planks":32,"minecraft:wooden_pickaxe":1,"minecraft:iron_helmet":1,"minecraft:iron_sword":1,"minecraft:furnace":1,"minecraft:bucket":1,"minecraft:stone_axe":1,"minecraft:bread":222,"minecraft:air":0,"mining_helmet:mining_helmet":1,"minecraft:iron_boots":1,"minecraft:iron_chestplate":1,"minecraft:stick":32,"minecraft:iron_ingot":50,"minecraft:iron_pickaxe":6,"minecraft:stone_pickaxe":2,"minecraft:wooden_axe":1,"minecraft:stone_sword":1,"minecraft:iron_leggings":1,"minecraft:torch":24,"minecraft:wheat":631},"minecraft:picked_up":{"minecraft:wheat":35,"minecraft:crafting_table":9,"minecraft:feather":8,"minecraft:chicken":4,"minecraft:andesite":15,"minecraft:leather":7,"minecraft:oak_stairs":1,"minecraft:oak_log":1,"paraglider:goddess_statue":1,"minecraft:brewing_stand":1,"minecraft:yellow_bed":1,"minecraft:gunpowder":1,"minecraft:lapis_lazuli":54,"minecraft:dark_oak_trapdoor":1,"minecraft:dirt":24,"minecraft:string":2,"minecraft:lantern":9,"minecraft:wooden_sword":1,"minecraft:bone":7,"minecraft:wheat_seeds":56,"minecraft:iron_ingot":3,"minecraft:beef":37,"minecraft:iron_ore":107,"minecraft:iron_pickaxe":2,"minecraft:coal_block":8,"minecraft:spruce_trapdoor":1,"minecraft:oak_planks":2,"minecraft:furnace":3,"minecraft:book":150,"minecraft:torch":14,"minecraft:porkchop":16,"minecraft:white_bed":1,"minecraft:diorite":2,"minecraft:spruce_log":8,"minecraft:gold_ore":27,"minecraft:diamond":11,"minecraft:arrow":7,"minecraft:rotten_flesh":1,"minecraft:hay_block":73,"minecraft:granite":66,"minecraft:emerald":2,"minecraft:bread":26,"minecraft:gray_wool":1,"minecraft:gold_ingot":2,"minecraft:mutton":10,"minecraft:coal":108,"minecraft:white_wool":5,"minecraft:cobblestone":398},"minecraft:mined":{"minecraft:diamond_ore":11,"minecraft:oak_slab":1,"minecraft:white_bed":1,"minecraft:granite":43,"minecraft:brewing_stand":1,"minecraft:spruce_trapdoor":1,"minecraft:crafting_table":9,"minecraft:torch":6,"minecraft:emerald_ore":2,"minecraft:spruce_fence":1,"minecraft:coal_block":8,"minecraft:tall_grass":8,"minecraft:cobblestone":1,"minecraft:lapis_ore":8,"minecraft:oak_planks":2,"minecraft:diorite":42,"minecraft:wall_torch":8,"minecraft:large_fern":1,"minecraft:hay_block":73,"minecraft:redstone_ore":7,"minecraft:furnace":3,"minecraft:iron_ore":107,"minecraft:wheat":9,"minecraft:spruce_log":9,"minecraft:andesite":113,"minecraft:yellow_bed":1,"minecraft:grass":14,"minecraft:bookshelf":50,"minecraft:oak_log":1,"minecraft:coal_ore":52,"minecraft:oak_stairs":1,"minecraft:lantern":3,"minecraft:gravel":1,"minecraft:dirt":9,"minecraft:white_banner":1,"minecraft:stone":744,"minecraft:gold_ore":26,"paraglider:goddess_statue":1},"minecraft:dropped":{"minecraft:bread":64,"minecraft:iron_ingot":3,"minecraft:porkchop":4,"minecraft:wheat_seeds":56,"minecraft:stone_sword":1,"minecraft:feather":8,"minecraft:cobblestone":141,"minecraft:rotten_flesh":1,"minecraft:granite":66,"minecraft:dirt":24,"minecraft:gray_wool":1,"minecraft:torch":2,"minecraft:gunpowder":1,"minecraft:spruce_trapdoor":1,"minecraft:diorite":2,"minecraft:mutton":1,"minecraft:dark_oak_trapdoor":1,"minecraft:andesite":15,"minecraft:oak_stairs":1,"minecraft:wooden_sword":2,"minecraft:arrow":7,"minecraft:wooden_pickaxe":1,"minecraft:beef":20,"minecraft:stone_pickaxe":1,"minecraft:iron_pickaxe":2,"minecraft:string":2},"minecraft:killed":{"minecraft:pig":4,"minecraft:spider":1,"minecraft:bat":1,"minecraft:creeper":1,"minecraft:sheep":6,"minecraft:skeleton":3,"minecraft:zombie":3,"minecraft:chicken":4,"minecraft:cow":12},"minecraft:custom":{"minecraft:interact_with_furnace":34,"minecraft:mob_kills":35,"minecraft:interact_with_crafting_table":20,"minecraft:play_one_minute":78060,"minecraft:leave_game":1,"minecraft:time_since_death":78060,"minecraft:climb_one_cm":757,"minecraft:time_since_rest":78060,"minecraft:sprint_one_cm":117967,"minecraft:damage_taken":1741,"minecraft:walk_one_cm":190199,"minecraft:drop":45,"minecraft:damage_dealt":3631,"minecraft:swim_one_cm":1693,"minecraft:fly_one_cm":44016,"minecraft:crouch_one_cm":4675,"tombstone:undead_killed":6,"minecraft:sneak_time":2239,"minecraft:walk_under_water_one_cm":3832,"minecraft:jump":426,"minecraft:walk_on_water_one_cm":12758,"minecraft:fall_one_cm":10516}},"DataVersion":2586}