{"stats":{"minecraft:broken":{"minecraft:stone_pickaxe":1,"minecraft:stone_axe":1,"minecraft:iron_pickaxe":4},"minecraft:killed_by":{"minecraft:zombie":1},"minecraft:used":{"minecraft:stone_sword":8,"minecraft:stone":3,"minecraft:iron_sword":201,"minecraft:torch":36,"minecraft:brewing_stand":1,"minecraft:dirt":18,"minecraft:anvil":1,"minecraft:mutton":9,"minecraft:spruce_boat":5,"minecraft:wooden_axe":24,"minecraft:chipped_anvil":1,"minecraft:iron_axe":15,"carryon:tile_item":3,"minecraft:beef":17,"minecraft:furnace":5,"tombstone:gift":3,"minecraft:egg":2,"minecraft:water_bucket":3,"minecraft:diorite":1,"minecraft:iron_ore":38,"minecraft:stone_pickaxe":198,"minecraft:oak_planks":2,"minecraft:wooden_pickaxe":17,"minecraft:sugar_cane":60,"minecraft:crafting_table":12,"minecraft:blast_furnace":1,"minecraft:white_bed":5,"minecraft:bread":65,"minecraft:iron_pickaxe":1383,"minecraft:lectern":14,"minecraft:stone_axe":131,"minecraft:diamond_sword":76,"minecraft:wooden_sword":77,"minecraft:cobblestone":297,"minecraft:cooked_porkchop":7,"minecraft:porkchop":5,"minecraft:bucket":4},"minecraft:crafted":{"minecraft:wooden_sword":1,"minecraft:smooth_stone":3,"minecraft:oak_planks":4,"minecraft:coal":72,"minecraft:furnace":2,"minecraft:blast_furnace":1,"minecraft:stone":8,"minecraft:glass":11,"minecraft:diamond_helmet":1,"minecraft:iron_boots":1,"minecraft:iron_axe":1,"minecraft:stone_pickaxe":2,"minecraft:chest":1,"sophisticatedbackpacks:iron_backpack":1,"minecraft:wheat":649,"minecraft:diamond_sword":1,"sophisticatedbackpacks:backpack":1,"minecraft:cooked_porkchop":4,"minecraft:crafting_table":3,"minecraft:spruce_planks":32,"minecraft:wooden_pickaxe":1,"minecraft:iron_helmet":1,"minecraft:iron_sword":1,"sophisticatedbackpacks:gold_backpack":2,"minecraft:bucket":1,"minecraft:stone_axe":1,"minecraft:bread":228,"minecraft:air":0,"minecraft:iron_chestplate":1,"mining_helmet:mining_helmet":1,"minecraft:diamond_pickaxe":1,"minecraft:stick":100,"minecraft:iron_ingot":251,"minecraft:iron_pickaxe":6,"minecraft:wooden_axe":1,"minecraft:iron_block":3,"minecraft:stone_sword":1,"minecraft:gold_ingot":38,"minecraft:iron_leggings":1,"minecraft:anvil":1,"minecraft:torch":24,"minecraft:diamond_chestplate":1},"minecraft:picked_up":{"minecraft:wooden_axe":2,"minecraft:crafting_table":9,"minecraft:wheat":35,"minecraft:azure_bluet":1,"minecraft:chicken":4,"minecraft:oak_stairs":1,"minecraft:enchanted_book":1,"minecraft:brewing_stand":1,"minecraft:string":10,"paraglider:goddess_statue":1,"minecraft:dark_oak_trapdoor":1,"minecraft:wooden_sword":1,"minecraft:smooth_stone":2,"minecraft:spruce_planks":1,"minecraft:beef":37,"minecraft:poppy":2,"minecraft:iron_pickaxe":3,"minecraft:lectern":18,"minecraft:sugar_cane":42,"minecraft:coal_block":8,"minecraft:spruce_trapdoor":1,"minecraft:egg":2,"minecraft:furnace":5,"minecraft:stone":6,"minecraft:oak_fence":1,"minecraft:torch":24,"minecraft:porkchop":16,"minecraft:stone_button":1,"tombstone:grave_dust":5,"minecraft:diorite":4,"minecraft:arrow":15,"minecraft:rotten_flesh":18,"minecraft:hay_block":75,"minecraft:gold_ingot":4,"minecraft:mutton":10,"minecraft:cobblestone":717,"minecraft:white_wool":10,"minecraft:feather":8,"minecraft:andesite":15,"minecraft:leather":8,"minecraft:potato":1,"minecraft:oak_log":1,"minecraft:yellow_bed":1,"minecraft:gunpowder":1,"minecraft:lapis_lazuli":91,"minecraft:dirt":44,"minecraft:lantern":9,"tombstone:gift":2,"minecraft:name_tag":2,"minecraft:chipped_anvil":1,"minecraft:bone":22,"minecraft:wheat_seeds":61,"minecraft:iron_ingot":9,"minecraft:iron_ore":325,"minecraft:oak_planks":53,"minecraft:book":150,"minecraft:sand":2,"sophisticatedbackpacks:iron_backpack":1,"minecraft:white_bed":5,"minecraft:spruce_log":8,"minecraft:gold_ore":38,"minecraft:spider_eye":3,"mining_helmet:mining_helmet":1,"minecraft:spruce_boat":8,"minecraft:diamond":21,"minecraft:granite":66,"minecraft:gray_wool":1,"minecraft:bread":26,"minecraft:emerald":2,"tombstone:magic_scroll":2,"minecraft:coal":211},"minecraft:mined":{"minecraft:diamond_ore":21,"minecraft:white_bed":4,"minecraft:brewing_stand":2,"minecraft:spruce_trapdoor":1,"minecraft:granite":45,"minecraft:grass_block":6,"minecraft:stone_brick_wall":2,"minecraft:spruce_fence":1,"minecraft:coal_block":8,"minecraft:large_fern":1,"minecraft:hay_block":75,"minecraft:redstone_ore":9,"minecraft:furnace":5,"minecraft:iron_ore":336,"minecraft:andesite":115,"minecraft:bookshelf":50,"minecraft:oak_stairs":1,"minecraft:lantern":3,"minecraft:stone":817,"minecraft:white_banner":1,"minecraft:oak_slab":1,"minecraft:oak_fence":2,"minecraft:crafting_table":9,"minecraft:torch":8,"minecraft:emerald_ore":2,"minecraft:lectern":15,"minecraft:tall_grass":11,"minecraft:cobblestone":60,"minecraft:lapis_ore":14,"minecraft:sugar_cane":8,"minecraft:oak_planks":8,"minecraft:diorite":44,"minecraft:wall_torch":8,"minecraft:wheat":9,"minecraft:spruce_log":9,"minecraft:yellow_bed":1,"minecraft:grass":23,"minecraft:coal_ore":54,"minecraft:oak_log":3,"minecraft:dirt":9,"minecraft:gravel":2,"minecraft:stone_bricks":7,"minecraft:chipped_anvil":1,"minecraft:gold_ore":37,"minecraft:oak_leaves":2,"paraglider:goddess_statue":1},"minecraft:dropped":{"minecraft:enchanted_book":1,"minecraft:iron_ingot":68,"minecraft:bread":70,"minecraft:porkchop":4,"minecraft:wheat_seeds":57,"minecraft:diamond":3,"minecraft:oak_fence":1,"minecraft:feather":8,"minecraft:cobblestone":408,"minecraft:book":64,"minecraft:granite":66,"minecraft:coal":43,"minecraft:stick":3,"sophisticatedbackpacks:gold_backpack":1,"minecraft:dirt":26,"minecraft:gray_wool":1,"minecraft:diorite":2,"minecraft:stone_button":1,"minecraft:torch":8,"minecraft:mutton":1,"minecraft:dark_oak_trapdoor":1,"minecraft:wooden_axe":2,"tombstone:grave_dust":2,"minecraft:gold_nugget":3,"minecraft:oak_stairs":1,"minecraft:wooden_sword":2,"minecraft:iron_pickaxe":2,"minecraft:smooth_stone":2,"minecraft:string":6,"minecraft:white_wool":5,"minecraft:bone":17,"minecraft:furnace":1,"minecraft:stone_sword":1,"minecraft:chicken":4,"minecraft:rotten_flesh":9,"minecraft:oak_planks":3,"mining_helmet:mining_helmet":1,"minecraft:name_tag":1,"minecraft:azure_bluet":1,"minecraft:poppy":2,"minecraft:spruce_boat":3,"minecraft:stone":3,"minecraft:gunpowder":1,"minecraft:spruce_trapdoor":1,"minecraft:andesite":15,"minecraft:arrow":9,"minecraft:stone_pickaxe":1,"minecraft:beef":20,"minecraft:wooden_pickaxe":1,"minecraft:lectern":2},"minecraft:killed":{"guardvillagers:guard":1,"minecraft:spider":5,"minecraft:skeleton":15,"minecraft:chicken":4,"minecraft:drowned":1,"minecraft:pig":4,"minecraft:iron_golem":1,"minecraft:bat":1,"minecraft:creeper":2,"minecraft:sheep":6,"minecraft:zombie":16,"minecraft:cow":13},"minecraft:custom":{"minecraft:interact_with_anvil":7,"minecraft:mob_kills":65,"minecraft:interact_with_crafting_table":54,"minecraft:damage_dealt_resisted":553,"minecraft:leave_game":1,"minecraft:time_since_death":91100,"minecraft:climb_one_cm":964,"minecraft:sprint_one_cm":366091,"minecraft:walk_one_cm":444275,"minecraft:drop":95,"minecraft:damage_dealt_absorbed":145,"minecraft:talked_to_villager":53,"minecraft:deaths":1,"minecraft:sneak_time":5026,"minecraft:walk_under_water_one_cm":7103,"minecraft:boat_one_cm":96075,"minecraft:jump":1826,"minecraft:interact_with_blast_furnace":51,"minecraft:walk_on_water_one_cm":60189,"minecraft:interact_with_furnace":46,"minecraft:play_one_minute":192060,"minecraft:sleep_in_bed":4,"minecraft:time_since_rest":10004,"minecraft:damage_taken":4645,"minecraft:damage_dealt":9916,"minecraft:swim_one_cm":2872,"minecraft:fly_one_cm":308010,"minecraft:open_chest":9,"minecraft:crouch_one_cm":10962,"tombstone:undead_killed":32,"minecraft:fall_one_cm":39278}},"DataVersion":2586}