{"stats":{"minecraft:broken":{"minecraft:stone_pickaxe":1},"minecraft:used":{"minecraft:wooden_axe":5,"minecraft:stone_sword":8,"minecraft:stone_pickaxe":185,"minecraft:wooden_pickaxe":17,"minecraft:torch":15,"minecraft:wooden_sword":77,"minecraft:cobblestone":26,"minecraft:mutton":6,"minecraft:beef":17,"minecraft:crafting_table":6,"minecraft:cooked_porkchop":3,"minecraft:furnace":1,"minecraft:porkchop":5},"minecraft:crafted":{"minecraft:wooden_sword":1,"minecraft:cooked_porkchop":4,"minecraft:crafting_table":2,"minecraft:stick":32,"minecraft:spruce_planks":32,"minecraft:wooden_pickaxe":1,"minecraft:stone_pickaxe":2,"minecraft:wooden_axe":1,"minecraft:stone_sword":1,"minecraft:furnace":1,"minecraft:torch":24,"minecraft:stone_axe":1,"minecraft:air":0},"minecraft:picked_up":{"minecraft:crafting_table":4,"minecraft:feather":4,"minecraft:chicken":4,"minecraft:andesite":2,"minecraft:leather":5,"minecraft:torch":6,"minecraft:porkchop":12,"minecraft:spruce_log":8,"minecraft:dirt":3,"minecraft:arrow":2,"minecraft:bone":4,"minecraft:granite":3,"minecraft:beef":17,"minecraft:iron_ore":27,"minecraft:gray_wool":1,"minecraft:mutton":10,"minecraft:coal":11,"minecraft:white_wool":5,"minecraft:cobblestone":157},"minecraft:mined":{"minecraft:large_fern":1,"minecraft:iron_ore":27,"minecraft:spruce_log":9,"minecraft:andesite":2,"minecraft:torch":4,"minecraft:crafting_table":4,"minecraft:grass":13,"minecraft:coal_ore":11,"minecraft:dirt":1,"minecraft:tall_grass":8,"minecraft:stone":159,"minecraft:wall_torch":2},"minecraft:killed":{"minecraft:sheep":6,"minecraft:skeleton":1,"minecraft:pig":2,"minecraft:chicken":4,"minecraft:spider":1,"minecraft:cow":8},"minecraft:custom":{"minecraft:time_since_rest":30060,"minecraft:interact_with_furnace":6,"minecraft:sprint_one_cm":44857,"minecraft:damage_taken":1065,"minecraft:walk_one_cm":65708,"minecraft:mob_kills":22,"minecraft:damage_dealt":2031,"minecraft:interact_with_crafting_table":9,"minecraft:swim_one_cm":1338,"minecraft:fly_one_cm":24880,"minecraft:crouch_one_cm":1067,"minecraft:play_one_minute":30060,"tombstone:undead_killed":1,"minecraft:sneak_time":686,"minecraft:walk_under_water_one_cm":3811,"minecraft:jump":232,"minecraft:leave_game":1,"minecraft:time_since_death":30060,"minecraft:walk_on_water_one_cm":6134,"minecraft:fall_one_cm":6019}},"DataVersion":2586}