{"stats":{"minecraft:used":{"minecraft:wooden_axe":3,"minecraft:stone_pickaxe":93,"minecraft:wooden_pickaxe":17,"minecraft:wooden_sword":77,"minecraft:mutton":5,"minecraft:beef":3,"minecraft:crafting_table":4,"minecraft:porkchop":5},"minecraft:crafted":{"minecraft:wooden_sword":1,"minecraft:crafting_table":2,"minecraft:stick":32,"minecraft:spruce_planks":32,"minecraft:wooden_pickaxe":1,"minecraft:stone_pickaxe":2,"minecraft:wooden_axe":1,"minecraft:stone_sword":1,"minecraft:stone_axe":1},"minecraft:picked_up":{"minecraft:crafting_table":3,"minecraft:feather":4,"minecraft:chicken":4,"minecraft:leather":5,"minecraft:porkchop":5,"minecraft:spruce_log":8,"minecraft:dirt":1,"minecraft:beef":16,"minecraft:gray_wool":1,"minecraft:mutton":10,"minecraft:coal":6,"minecraft:white_wool":5,"minecraft:cobblestone":100},"minecraft:mined":{"minecraft:large_fern":1,"minecraft:spruce_log":9,"minecraft:crafting_table":3,"minecraft:grass":13,"minecraft:coal_ore":6,"minecraft:dirt":1,"minecraft:tall_grass":8,"minecraft:stone":103},"minecraft:killed":{"minecraft:sheep":6,"minecraft:pig":2,"minecraft:chicken":4,"minecraft:cow":8},"minecraft:custom":{"minecraft:time_since_rest":18060,"minecraft:sprint_one_cm":36216,"minecraft:damage_taken":300,"minecraft:walk_one_cm":42083,"minecraft:mob_kills":20,"minecraft:damage_dealt":1641,"minecraft:interact_with_crafting_table":6,"minecraft:swim_one_cm":1338,"minecraft:fly_one_cm":22422,"minecraft:crouch_one_cm":32,"minecraft:play_one_minute":18060,"minecraft:sneak_time":147,"minecraft:walk_under_water_one_cm":3744,"minecraft:jump":165,"minecraft:leave_game":1,"minecraft:time_since_death":18060,"minecraft:walk_on_water_one_cm":2877,"minecraft:fall_one_cm":2605}},"DataVersion":2586}