{"stats":{"minecraft:broken":{"minecraft:stone_pickaxe":1,"minecraft:stone_axe":1,"minecraft:iron_pickaxe":4},"minecraft:killed_by":{"minecraft:zombie":1},"minecraft:used":{"minecraft:stone_sword":8,"minecraft:iron_sword":148,"minecraft:torch":36,"minecraft:mutton":9,"minecraft:wooden_axe":14,"minecraft:beef":17,"minecraft:furnace":3,"tombstone:gift":3,"minecraft:water_bucket":3,"minecraft:diorite":1,"minecraft:stone_pickaxe":198,"minecraft:oak_planks":2,"minecraft:wooden_pickaxe":17,"minecraft:crafting_table":11,"minecraft:bread":23,"minecraft:iron_pickaxe":1233,"minecraft:stone_axe":131,"minecraft:wooden_sword":77,"minecraft:cobblestone":202,"minecraft:cooked_porkchop":7,"minecraft:porkchop":5,"minecraft:bucket":4},"minecraft:crafted":{"minecraft:wooden_sword":1,"minecraft:oak_planks":4,"minecraft:coal":72,"minecraft:furnace":1,"minecraft:iron_boots":1,"minecraft:stone_pickaxe":2,"minecraft:wheat":631,"minecraft:cooked_porkchop":4,"minecraft:crafting_table":3,"minecraft:spruce_planks":32,"minecraft:wooden_pickaxe":1,"minecraft:iron_helmet":1,"minecraft:iron_sword":1,"minecraft:bucket":1,"minecraft:stone_axe":1,"minecraft:bread":222,"minecraft:air":0,"minecraft:iron_chestplate":1,"mining_helmet:mining_helmet":1,"minecraft:stick":32,"minecraft:iron_ingot":50,"minecraft:iron_pickaxe":6,"minecraft:wooden_axe":1,"minecraft:stone_sword":1,"minecraft:iron_leggings":1,"minecraft:torch":24},"minecraft:picked_up":{"minecraft:crafting_table":9,"minecraft:wheat":35,"minecraft:chicken":4,"minecraft:oak_stairs":1,"minecraft:enchanted_book":1,"minecraft:brewing_stand":1,"minecraft:string":2,"paraglider:goddess_statue":1,"minecraft:dark_oak_trapdoor":1,"minecraft:wooden_sword":1,"minecraft:beef":37,"minecraft:iron_pickaxe":3,"minecraft:coal_block":8,"minecraft:spruce_trapdoor":1,"minecraft:furnace":3,"minecraft:torch":18,"minecraft:porkchop":16,"tombstone:grave_dust":1,"minecraft:diorite":3,"minecraft:arrow":9,"minecraft:rotten_flesh":4,"minecraft:hay_block":73,"minecraft:gold_ingot":2,"minecraft:mutton":10,"minecraft:cobblestone":460,"minecraft:white_wool":5,"minecraft:feather":8,"minecraft:andesite":15,"minecraft:leather":7,"minecraft:oak_log":1,"minecraft:yellow_bed":1,"minecraft:gunpowder":1,"minecraft:lapis_lazuli":91,"minecraft:dirt":24,"minecraft:lantern":9,"tombstone:gift":2,"minecraft:bone":14,"minecraft:wheat_seeds":56,"minecraft:iron_ingot":3,"minecraft:iron_ore":254,"minecraft:oak_planks":2,"minecraft:book":150,"minecraft:white_bed":1,"minecraft:spruce_log":8,"minecraft:gold_ore":38,"minecraft:diamond":21,"minecraft:granite":66,"minecraft:gray_wool":1,"minecraft:bread":26,"minecraft:emerald":2,"minecraft:coal":110},"minecraft:mined":{"minecraft:diamond_ore":21,"minecraft:white_bed":1,"minecraft:brewing_stand":1,"minecraft:spruce_trapdoor":1,"minecraft:granite":45,"minecraft:spruce_fence":1,"minecraft:coal_block":8,"minecraft:large_fern":1,"minecraft:hay_block":73,"minecraft:redstone_ore":9,"minecraft:furnace":3,"minecraft:iron_ore":263,"minecraft:andesite":115,"minecraft:bookshelf":50,"minecraft:oak_stairs":1,"minecraft:lantern":3,"minecraft:stone":814,"minecraft:white_banner":1,"minecraft:oak_slab":1,"minecraft:crafting_table":9,"minecraft:torch":6,"minecraft:emerald_ore":2,"minecraft:tall_grass":8,"minecraft:cobblestone":4,"minecraft:lapis_ore":14,"minecraft:oak_planks":2,"minecraft:diorite":43,"minecraft:wall_torch":8,"minecraft:wheat":9,"minecraft:spruce_log":9,"minecraft:yellow_bed":1,"minecraft:grass":14,"minecraft:coal_ore":54,"minecraft:oak_log":1,"minecraft:dirt":9,"minecraft:gravel":2,"minecraft:gold_ore":37,"paraglider:goddess_statue":1},"minecraft:dropped":{"minecraft:enchanted_book":1,"minecraft:iron_ingot":3,"minecraft:bread":64,"minecraft:porkchop":4,"minecraft:wheat_seeds":56,"minecraft:diamond":3,"minecraft:feather":8,"minecraft:cobblestone":269,"minecraft:granite":66,"minecraft:stick":1,"minecraft:dirt":24,"minecraft:gray_wool":1,"minecraft:diorite":2,"minecraft:torch":6,"minecraft:mutton":1,"minecraft:dark_oak_trapdoor":1,"tombstone:grave_dust":1,"minecraft:oak_stairs":1,"minecraft:wooden_sword":2,"minecraft:iron_pickaxe":2,"minecraft:string":2,"minecraft:bone":14,"minecraft:stone_sword":1,"minecraft:chicken":4,"minecraft:rotten_flesh":4,"minecraft:gunpowder":1,"minecraft:spruce_trapdoor":1,"minecraft:andesite":15,"minecraft:arrow":9,"minecraft:stone_pickaxe":1,"minecraft:beef":20,"minecraft:wooden_pickaxe":1},"minecraft:killed":{"minecraft:spider":1,"minecraft:skeleton":9,"minecraft:chicken":4,"minecraft:pig":4,"minecraft:bat":1,"minecraft:creeper":1,"minecraft:sheep":6,"minecraft:zombie":9,"minecraft:cow":12},"minecraft:custom":{"minecraft:mob_kills":47,"minecraft:interact_with_crafting_table":20,"minecraft:damage_dealt_resisted":553,"minecraft:leave_game":1,"minecraft:time_since_death":1100,"minecraft:climb_one_cm":757,"minecraft:sprint_one_cm":164960,"minecraft:walk_one_cm":252980,"minecraft:drop":57,"minecraft:damage_dealt_absorbed":145,"minecraft:deaths":1,"minecraft:sneak_time":3928,"minecraft:walk_under_water_one_cm":4397,"minecraft:jump":700,"minecraft:walk_on_water_one_cm":51084,"minecraft:interact_with_furnace":34,"minecraft:play_one_minute":102060,"minecraft:time_since_rest":541,"minecraft:damage_taken":2822,"minecraft:damage_dealt":6269,"minecraft:swim_one_cm":2872,"minecraft:fly_one_cm":60058,"minecraft:crouch_one_cm":9344,"tombstone:undead_killed":18,"minecraft:fall_one_cm":11743}},"DataVersion":2586}