{"stats":{"minecraft:broken":{"minecraft:iron_shovel":1,"minecraft:iron_boots":2,"minecraft:iron_leggings":2,"minecraft:iron_sword":1,"minecraft:shield":1,"minecraft:iron_axe":3,"minecraft:iron_pickaxe":5,"minecraft:iron_helmet":2},"minecraft:killed":{"minecraft:cave_spider":4,"minecraft:zombified_piglin":1,"minecraft:witch":2,"minecraft:spider":47,"minecraft:skeleton":60,"minecraft:silverfish":3,"minecraft:piglin":4,"minecraft:pig":29,"minecraft:creeper":16,"minecraft:sheep":8,"minecraft:pillager":9,"minecraft:zombie":56,"minecraft:blaze":8,"minecraft:cow":9,"minecraft:vindicator":1,"minecraft:drowned":1,"minecraft:ravager":1,"minecraft:wither_skeleton":2,"minecraft:villager":5,"minecraft:enderman":3},"minecraft:used":{"minecraft:iron_shovel":576,"minecraft:spruce_slab":1,"minecraft:chest":1,"minecraft:white_terracotta":1,"minecraft:shield":104,"minecraft:iron_sword":264,"minecraft:bell":1,"minecraft:rotten_flesh":2,"paraglider:goddess_statue":2,"minecraft:nether_bricks":2,"minecraft:obsidian":13,"minecraft:spruce_boat":9,"minecraft:lantern":1,"minecraft:grass_block":1,"minecraft:bow":2,"minecraft:written_book":1,"minecraft:oak_sapling":1,"minecraft:furnace":5,"minecraft:oak_planks":739,"minecraft:stone_pickaxe":13,"minecraft:wooden_pickaxe":22,"minecraft:sugar_cane":185,"minecraft:diamond_axe":490,"tombstone:dust_of_vanishing":1,"minecraft:blast_furnace":13,"minecraft:stone_brick_wall":1,"minecraft:stone_button":1,"minecraft:bread":293,"minecraft:lectern":372,"minecraft:gravel":10,"minecraft:diamond_sword":526,"minecraft:smithing_table":1,"minecraft:oak_boat":43,"minecraft:oak_fence":8,"minecraft:enchanting_table":1,"minecraft:stone_sword":120,"minecraft:flint_and_steel":20,"minecraft:spruce_planks":42,"minecraft:stone_hoe":87,"minecraft:netherrack":37,"minecraft:oak_door":5,"minecraft:torch":180,"minecraft:brewing_stand":5,"minecraft:dirt":744,"minecraft:granite":13,"minecraft:iron_hoe":131,"minecraft:chipped_anvil":2,"minecraft:bookshelf":32,"minecraft:iron_axe":658,"minecraft:beef":2,"minecraft:cooked_mutton":9,"minecraft:water_bucket":60,"minecraft:glass_bottle":30,"minecraft:crafting_table":48,"minecraft:white_bed":25,"minecraft:smoker":1,"minecraft:oak_log":1,"minecraft:diamond_pickaxe":3589,"minecraft:oxeye_daisy":1,"minecraft:iron_pickaxe":1557,"minecraft:stone_axe":73,"minecraft:cobblestone":1211,"minecraft:porkchop":19,"minecraft:cooked_porkchop":15,"minecraft:bucket":62,"minecraft:splash_potion":16},"minecraft:killed_by":{"minecraft:piglin_brute":1,"minecraft:wither_skeleton":3,"minecraft:creeper":5,"minecraft:vindicator":1,"minecraft:piglin":3,"minecraft:cave_spider":1,"minecraft:blaze":3,"minecraft:zombie":5,"minecraft:spider":2,"minecraft:skeleton":2},"minecraft:dropped":{"sophisticatedbackpacks:iron_backpack":3,"minecraft:iron_sword":3,"minecraft:porkchop":17,"minecraft:lapis_lazuli":3,"minecraft:diamond":3,"minecraft:cooked_porkchop":10,"minecraft:lantern":3,"minecraft:leather":6,"minecraft:flint":1,"minecraft:cod":8,"paraglider:spirit_orb":6,"sophisticatedbackpacks:gold_backpack":1,"minecraft:emerald":14,"minecraft:dirt":44,"minecraft:netherite_scrap":1,"artifacts:superstitious_hat":1,"minecraft:cornflower":1,"minecraft:mutton":7,"minecraft:dark_oak_trapdoor":1,"minecraft:sunflower":3,"minecraft:iron_pickaxe":3,"minecraft:birch_log":12,"minecraft:white_wool":7,"minecraft:bone":19,"minecraft:gold_ingot":11,"minecraft:oak_door":7,"minecraft:gravel":91,"minecraft:stone_axe":2,"minecraft:sugar_cane":15,"minecraft:iron_nugget":4,"minecraft:wheat":19,"minecraft:birch_sapling":3,"tombstone:impregnated_diamond":1,"minecraft:obsidian":2,"tombstone:gift":3,"minecraft:rotten_flesh":18,"minecraft:oak_planks":85,"minecraft:azure_bluet":4,"minecraft:white_bed":1,"minecraft:salmon":4,"minecraft:poppy":1,"minecraft:gunpowder":2,"minecraft:beetroot_seeds":4,"minecraft:stone_brick_wall":2,"minecraft:chainmail_boots":1,"minecraft:iron_ore":4,"minecraft:arrow":43,"minecraft:glass":1,"minecraft:beef":12,"minecraft:netherrack":7,"minecraft:lectern":2,"minecraft:egg":3,"minecraft:stone_hoe":1,"minecraft:enchanted_book":9,"minecraft:bread":346,"minecraft:wheat_seeds":321,"minecraft:smithing_table":1,"minecraft:diamond_leggings":2,"minecraft:oak_fence":8,"minecraft:iron_helmet":8,"minecraft:cobblestone":237,"minecraft:granite":57,"minecraft:grass_block":1,"tombstone:ankh_of_pray":1,"minecraft:stick":8,"minecraft:diorite":95,"minecraft:diamond_helmet":2,"tombstone:grave_dust":19,"minecraft:iron_leggings":1,"minecraft:white_banner":2,"minecraft:iron_axe":1,"minecraft:smooth_stone":2,"minecraft:iron_shovel":1,"minecraft:chainmail_leggings":3,"minecraft:paper":385,"minecraft:string":56,"minecraft:spruce_sapling":5,"minecraft:dandelion":12,"minecraft:redstone":7,"minecraft:furnace":1,"minecraft:soul_soil":4,"minecraft:oak_trapdoor":2,"minecraft:stone_sword":1,"minecraft:nether_wart":4,"minecraft:blaze_rod":6,"minecraft:cocoa_beans":1,"supplementaries:copper_lantern":1,"supplementaries:bomb":2,"minecraft:iron_boots":2,"minecraft:name_tag":2,"minecraft:lily_of_the_valley":2,"minecraft:blast_furnace":1,"minecraft:diamond_sword":2,"minecraft:potato":5,"minecraft:hay_block":18,"minecraft:spruce_boat":2,"minecraft:shield":12,"minecraft:diamond_chestplate":3,"minecraft:spruce_planks":36,"minecraft:iron_chestplate":2,"minecraft:diamond_pickaxe":2,"minecraft:andesite":163,"minecraft:oak_boat":1,"minecraft:oak_sapling":78,"minecraft:spider_eye":9,"minecraft:stone_bricks":9,"minecraft:brown_carpet":7,"minecraft:diamond_boots":2,"minecraft:bow":5,"minecraft:stone_pickaxe":1,"minecraft:magma_cream":10,"supplementaries:flute":1},"minecraft:crafted":{"minecraft:oak_planks":1028,"minecraft:blaze_powder":24,"minecraft:bookshelf":42,"minecraft:glass":33,"minecraft:bow":1,"minecraft:diamond_helmet":3,"minecraft:diamond_leggings":3,"minecraft:chest":1,"minecraft:stone_hoe":1,"minecraft:oak_fence":12,"minecraft:name_tag":5,"minecraft:smoker":1,"minecraft:glass_bottle":30,"minecraft:oak_slab":12,"sophisticatedbackpacks:backpack":1,"minecraft:emerald":117,"minecraft:cooked_porkchop":18,"minecraft:diamond_axe":1,"minecraft:crafting_table":4,"minecraft:spruce_planks":124,"minecraft:wooden_pickaxe":1,"minecraft:iron_helmet":9,"minecraft:smithing_table":1,"minecraft:lectern":5,"minecraft:paper":198,"minecraft:diamond_pickaxe":1,"minecraft:shield":16,"minecraft:stick":84,"minecraft:iron_ingot":36,"minecraft:iron_pickaxe":8,"minecraft:stone_sword":1,"minecraft:gold_ingot":184,"minecraft:oak_door":6,"minecraft:coal":306,"minecraft:furnace":1,"minecraft:flint_and_steel":1,"minecraft:iron_axe":3,"minecraft:iron_hoe":1,"minecraft:spruce_slab":12,"minecraft:stone_pickaxe":1,"minecraft:diamond_boots":3,"minecraft:spruce_boat":3,"minecraft:wheat":957,"sophisticatedbackpacks:iron_backpack":1,"minecraft:sugar":48,"minecraft:diamond_sword":1,"minecraft:enchanting_table":1,"minecraft:iron_sword":1,"minecraft:bell":1,"minecraft:bucket":2,"minecraft:stone_axe":2,"minecraft:enchanted_book":18,"minecraft:bread":415,"minecraft:air":0,"minecraft:oak_boat":5,"minecraft:golden_apple":16,"minecraft:fermented_spider_eye":10,"minecraft:iron_shovel":3,"minecraft:white_bed":2,"minecraft:torch":244,"minecraft:diamond_chestplate":5},"minecraft:custom":{"minecraft:interact_with_crafting_table":125,"minecraft:open_barrel":3,"minecraft:bell_ring":26,"minecraft:leave_game":15,"minecraft:time_since_death":50218,"minecraft:sprint_one_cm":2029614,"minecraft:damage_blocked_by_shield":5865,"minecraft:drop":339,"minecraft:talked_to_villager":682,"minecraft:deaths":31,"minecraft:jump":9746,"minecraft:interact_with_brewingstand":50,"minecraft:walk_on_water_one_cm":81182,"minecraft:interact_with_furnace":27,"minecraft:traded_with_villager":178,"minecraft:play_one_minute":917761,"minecraft:sleep_in_bed":15,"minecraft:damage_dealt":50376,"minecraft:crouch_one_cm":66233,"tombstone:undead_killed":120,"tombstone:villager_killed":5,"minecraft:interact_with_smoker":8,"minecraft:interact_with_smithing_table":2,"minecraft:interact_with_anvil":31,"minecraft:mob_kills":282,"tombstone:use_vanishing":1,"minecraft:climb_one_cm":5412,"minecraft:walk_one_cm":2097550,"minecraft:sneak_time":23015,"minecraft:walk_under_water_one_cm":19029,"minecraft:boat_one_cm":1682885,"minecraft:interact_with_blast_furnace":9,"tombstone:raider_killed":13,"minecraft:time_since_rest":50009,"minecraft:damage_taken":23184,"minecraft:swim_one_cm":68041,"minecraft:fly_one_cm":2004676,"minecraft:open_chest":49,"minecraft:fall_one_cm":229325},"minecraft:mined":{"minecraft:spruce_planks":15,"minecraft:white_bed":26,"minecraft:oak_sapling":3,"minecraft:brewing_stand":4,"minecraft:spruce_trapdoor":1,"minecraft:obsidian":22,"minecraft:granite":158,"minecraft:stone_brick_wall":5,"minecraft:grass_block":334,"minecraft:oak_pressure_plate":4,"minecraft:coal_block":35,"minecraft:nether_wart":1,"minecraft:spawner":4,"minecraft:glowstone":7,"minecraft:dark_oak_trapdoor":6,"minecraft:iron_ore":46,"minecraft:fire":25,"minecraft:azure_bluet":1,"minecraft:oak_stairs":5,"minecraft:iron_block":4,"minecraft:spruce_slab":1,"minecraft:brown_mushroom":10,"minecraft:smoker":2,"minecraft:soul_fire":4,"minecraft:torch":22,"minecraft:blast_furnace":15,"minecraft:poppy":2,"minecraft:chest":2,"minecraft:cobblestone":447,"minecraft:oak_planks":246,"minecraft:sugar_cane":355,"minecraft:wall_torch":16,"minecraft:birch_sapling":1,"minecraft:white_terracotta":1,"minecraft:wheat":274,"minecraft:grass":257,"minecraft:oak_log":16,"minecraft:beetroots":1,"minecraft:sand":55,"minecraft:dirt":298,"minecraft:stonecutter":1,"minecraft:netherrack":50,"minecraft:oak_leaves":76,"minecraft:nether_gold_ore":205,"minecraft:diamond_ore":21,"minecraft:oak_door":6,"minecraft:nether_bricks":2,"minecraft:stone_button":2,"minecraft:spruce_fence":1,"minecraft:spruce_leaves":7,"supplementaries:copper_lantern":1,"minecraft:large_fern":1,"minecraft:hay_block":112,"minecraft:redstone_ore":30,"minecraft:oak_trapdoor":2,"minecraft:furnace":5,"minecraft:carrots":3,"minecraft:andesite":257,"minecraft:peony":34,"minecraft:bell":1,"minecraft:nether_brick_fence":1,"minecraft:bookshelf":73,"minecraft:potatoes":3,"minecraft:stone":3158,"minecraft:smithing_table":2,"supplementaries:book_pile_horizontal":1,"minecraft:oak_slab":1,"minecraft:acacia_leaves":1,"minecraft:glass_pane":1,"minecraft:comparator":1,"minecraft:lily_of_the_valley":1,"minecraft:brown_carpet":7,"minecraft:dandelion":4,"minecraft:oak_fence":10,"minecraft:crafting_table":48,"minecraft:cornflower":6,"minecraft:emerald_ore":1,"minecraft:rose_bush":29,"minecraft:campfire":1,"minecraft:lectern":370,"minecraft:tall_grass":52,"minecraft:lapis_ore":17,"minecraft:diorite":265,"minecraft:beehive":1,"minecraft:birch_leaves":4,"minecraft:spruce_log":5,"minecraft:grass_path":93,"minecraft:coal_ore":110,"minecraft:sunflower":76,"minecraft:gravel":78,"minecraft:cobweb":83,"minecraft:cracked_stone_bricks":6,"minecraft:stone_bricks":18,"minecraft:mossy_stone_bricks":4,"minecraft:gold_ore":16,"minecraft:chipped_anvil":2,"paraglider:goddess_statue":3,"minecraft:infested_stone":5},"minecraft:picked_up":{"minecraft:iron_chestplate":1,"minecraft:wheat":271,"minecraft:chainmail_boots":1,"minecraft:smithing_table":2,"minecraft:diamond_sword":2,"minecraft:oak_stairs":2,"minecraft:potion":3,"minecraft:enchanted_book":3,"minecraft:brewing_stand":5,"paraglider:goddess_statue":3,"minecraft:string":88,"minecraft:dark_oak_trapdoor":1,"minecraft:soul_soil":8,"minecraft:iron_leggings":1,"minecraft:gold_nugget":1663,"minecraft:smooth_stone":2,"minecraft:comparator":1,"minecraft:spruce_planks":15,"minecraft:rose_bush":19,"minecraft:written_book":1,"minecraft:iron_pickaxe":2,"minecraft:coal_block":34,"minecraft:iron_boots":2,"minecraft:furnace":6,"minecraft:golden_helmet":1,"minecraft:stick":117,"minecraft:oak_fence":9,"minecraft:torch":74,"minecraft:porkchop":54,"tombstone:grave_dust":27,"minecraft:diorite":217,"minecraft:brown_carpet":7,"minecraft:rotten_flesh":61,"minecraft:iron_block":4,"minecraft:white_terracotta":1,"minecraft:blaze_rod":12,"minecraft:obsidian":19,"minecraft:cod":4,"minecraft:blaze_powder":66,"minecraft:cobblestone":2079,"minecraft:birch_log":54,"minecraft:magma_cream":10,"minecraft:andesite":241,"minecraft:smoker":2,"minecraft:potato":3,"paraglider:spirit_orb":8,"minecraft:flint":35,"supplementaries:flute":1,"minecraft:lapis_lazuli":116,"minecraft:dirt":811,"minecraft:lantern":6,"minecraft:name_tag":3,"minecraft:glass":2,"minecraft:bone":72,"minecraft:chipped_anvil":2,"minecraft:bow":8,"minecraft:stonecutter":1,"minecraft:wheat_seeds":441,"minecraft:bell":1,"minecraft:mossy_stone_bricks":1,"minecraft:glowstone_dust":21,"minecraft:oak_planks":465,"minecraft:cooked_porkchop":9,"minecraft:oak_pressure_plate":4,"minecraft:sand":55,"sophisticatedbackpacks:iron_backpack":1,"minecraft:ink_sac":2,"minecraft:grass_block":3,"minecraft:lily_of_the_valley":2,"mining_helmet:mining_helmet":2,"minecraft:sugar":38,"minecraft:diamond":92,"minecraft:spruce_boat":10,"minecraft:granite":137,"minecraft:golden_apple":2,"supplementaries:copper_lantern":1,"minecraft:emerald":46,"minecraft:bread":390,"minecraft:oak_sapling":123,"minecraft:netherrack":45,"minecraft:diamond_pickaxe":2,"sophisticatedbackpacks:gold_backpack":2,"tombstone:dust_of_vanishing":1,"minecraft:cocoa_beans":1,"minecraft:crafting_table":47,"minecraft:azure_bluet":7,"minecraft:nether_wart":4,"minecraft:brown_mushroom":11,"minecraft:stone_brick_wall":4,"minecraft:cornflower":9,"minecraft:oak_trapdoor":2,"minecraft:iron_axe":1,"minecraft:netherite_scrap":1,"tombstone:impregnated_diamond":1,"minecraft:beef":14,"minecraft:oak_boat":49,"minecraft:iron_nugget":2,"minecraft:poppy":1,"minecraft:spruce_slab":1,"minecraft:lectern":372,"supplementaries:rope":13,"minecraft:sugar_cane":448,"minecraft:chest":1,"minecraft:birch_sapling":12,"minecraft:egg":3,"tombstone:ankh_of_pray":1,"minecraft:oak_door":6,"minecraft:spruce_fence":1,"minecraft:stone_button":4,"minecraft:carrot":4,"minecraft:redstone":98,"minecraft:arrow":75,"minecraft:diamond_chestplate":1,"minecraft:beetroot_seeds":5,"minecraft:peony":2,"minecraft:nether_bricks":2,"minecraft:hay_block":133,"minecraft:gold_ingot":18,"minecraft:mutton":9,"minecraft:rail":16,"minecraft:white_wool":14,"minecraft:oxeye_daisy":1,"minecraft:salmon":2,"minecraft:leather":11,"minecraft:oak_log":491,"minecraft:gunpowder":22,"minecraft:paper":461,"minecraft:white_banner":2,"minecraft:cooked_mutton":9,"minecraft:apple":18,"minecraft:stone_bricks":16,"minecraft:iron_ingot":76,"minecraft:iron_ore":39,"tombstone:bag_of_seeds":1,"minecraft:book":457,"minecraft:dandelion":17,"minecraft:gravel":105,"minecraft:spruce_sapling":3,"minecraft:blast_furnace":14,"minecraft:white_bed":29,"minecraft:spruce_log":28,"minecraft:gold_ore":15,"minecraft:spider_eye":23,"minecraft:chainmail_leggings":4,"minecraft:iron_helmet":2,"tombstone:magic_scroll":2,"minecraft:coal":171,"minecraft:sunflower":83,"minecraft:ender_pearl":7}},"DataVersion":2586}