{"stats":{"minecraft:broken":{"minecraft:iron_pickaxe":5},"minecraft:killed_by":{"minecraft:creeper":2},"minecraft:used":{"minecraft:stone_sword":120,"minecraft:spruce_planks":37,"minecraft:chest":1,"minecraft:iron_sword":12,"minecraft:stone_hoe":87,"minecraft:torch":29,"minecraft:dirt":17,"minecraft:spruce_boat":3,"minecraft:grass_block":1,"minecraft:iron_axe":14,"minecraft:beef":2,"minecraft:furnace":1,"minecraft:water_bucket":1,"minecraft:stone_pickaxe":13,"minecraft:wooden_pickaxe":22,"minecraft:crafting_table":18,"minecraft:blast_furnace":1,"minecraft:smoker":1,"minecraft:diamond_pickaxe":64,"minecraft:bread":13,"minecraft:iron_pickaxe":1490,"minecraft:stone_axe":73,"minecraft:cobblestone":226,"minecraft:porkchop":19,"minecraft:cooked_porkchop":8,"minecraft:bucket":2},"minecraft:crafted":{"minecraft:oak_planks":164,"minecraft:furnace":1,"minecraft:iron_axe":1,"minecraft:stone_pickaxe":1,"minecraft:chest":1,"minecraft:spruce_boat":1,"minecraft:stone_hoe":1,"minecraft:smoker":1,"minecraft:wheat":352,"sophisticatedbackpacks:iron_backpack":1,"sophisticatedbackpacks:backpack":1,"minecraft:cooked_porkchop":18,"minecraft:crafting_table":1,"minecraft:spruce_planks":124,"minecraft:wooden_pickaxe":1,"minecraft:iron_sword":1,"minecraft:bucket":1,"minecraft:stone_axe":2,"minecraft:bread":137,"minecraft:air":0,"minecraft:diamond_pickaxe":1,"minecraft:stick":16,"minecraft:iron_ingot":18,"minecraft:iron_pickaxe":5,"minecraft:stone_sword":1,"minecraft:white_bed":1,"minecraft:torch":20},"minecraft:picked_up":{"minecraft:crafting_table":18,"minecraft:wheat":79,"minecraft:dark_oak_trapdoor":1,"paraglider:goddess_statue":1,"minecraft:string":5,"minecraft:spruce_planks":10,"minecraft:beef":14,"minecraft:iron_pickaxe":1,"minecraft:sugar_cane":16,"minecraft:chest":1,"minecraft:furnace":3,"minecraft:stick":21,"minecraft:torch":9,"minecraft:porkchop":54,"minecraft:diorite":61,"minecraft:redstone":62,"minecraft:arrow":1,"minecraft:hay_block":60,"minecraft:iron_block":2,"minecraft:mutton":3,"minecraft:cobblestone":810,"minecraft:white_wool":3,"minecraft:andesite":78,"minecraft:leather":11,"minecraft:smoker":1,"minecraft:oak_log":87,"minecraft:dirt":49,"minecraft:apple":2,"minecraft:stone_bricks":5,"minecraft:wheat_seeds":92,"minecraft:iron_ingot":7,"minecraft:iron_ore":22,"minecraft:oak_planks":36,"minecraft:gravel":33,"minecraft:spruce_sapling":3,"minecraft:blast_furnace":2,"minecraft:grass_block":1,"minecraft:spruce_log":28,"minecraft:gold_ore":6,"minecraft:spider_eye":1,"minecraft:diamond":3,"minecraft:spruce_boat":2,"minecraft:chainmail_leggings":3,"minecraft:granite":28,"minecraft:emerald":1,"minecraft:oak_sapling":19,"minecraft:coal":51,"minecraft:ender_pearl":1},"minecraft:mined":{"minecraft:spruce_planks":10,"minecraft:spruce_trapdoor":1,"minecraft:granite":30,"minecraft:grass_block":6,"minecraft:spruce_fence":1,"minecraft:spruce_leaves":7,"minecraft:large_fern":1,"minecraft:hay_block":42,"minecraft:redstone_ore":15,"minecraft:furnace":2,"minecraft:dark_oak_trapdoor":1,"minecraft:iron_ore":22,"minecraft:andesite":101,"minecraft:stone":1191,"minecraft:iron_block":2,"minecraft:acacia_leaves":1,"minecraft:glass_pane":1,"minecraft:smoker":1,"minecraft:oak_fence":1,"minecraft:crafting_table":18,"minecraft:torch":10,"minecraft:blast_furnace":2,"minecraft:chest":1,"minecraft:campfire":1,"minecraft:tall_grass":8,"minecraft:cobblestone":6,"minecraft:sugar_cane":8,"minecraft:oak_planks":4,"minecraft:diorite":94,"minecraft:wheat":44,"minecraft:spruce_log":5,"minecraft:grass_path":3,"minecraft:grass":22,"minecraft:oak_log":6,"minecraft:coal_ore":42,"minecraft:gravel":20,"minecraft:dirt":39,"minecraft:stone_bricks":3,"minecraft:gold_ore":6,"paraglider:goddess_statue":1},"minecraft:dropped":{"minecraft:bread":16,"minecraft:iron_sword":1,"minecraft:porkchop":17,"minecraft:wheat_seeds":91,"minecraft:cooked_porkchop":10,"minecraft:cobblestone":2,"minecraft:leather":6,"minecraft:granite":28,"minecraft:dirt":11,"minecraft:diorite":38,"minecraft:mutton":3,"minecraft:dark_oak_trapdoor":1,"minecraft:iron_pickaxe":1,"minecraft:chainmail_leggings":2,"minecraft:spruce_sapling":4,"minecraft:gravel":33,"minecraft:furnace":1,"minecraft:stone_axe":2,"minecraft:stone_sword":1,"minecraft:wheat":19,"minecraft:oak_planks":36,"minecraft:white_bed":1,"minecraft:blast_furnace":1,"minecraft:hay_block":18,"minecraft:spruce_planks":35,"minecraft:andesite":2,"minecraft:oak_sapling":19,"minecraft:spider_eye":1,"minecraft:stone_bricks":5,"minecraft:arrow":1,"minecraft:beef":12,"minecraft:stone_pickaxe":1},"minecraft:killed":{"minecraft:spider":6,"minecraft:skeleton":1,"minecraft:pig":26,"minecraft:sheep":3,"minecraft:zombie":1,"minecraft:enderman":1,"minecraft:cow":9},"minecraft:custom":{"minecraft:mob_kills":49,"minecraft:interact_with_crafting_table":28,"minecraft:open_barrel":1,"minecraft:time_since_death":69690,"minecraft:climb_one_cm":325,"minecraft:sprint_one_cm":244666,"minecraft:walk_one_cm":213034,"minecraft:drop":48,"minecraft:talked_to_villager":1,"minecraft:deaths":3,"minecraft:sneak_time":2583,"minecraft:walk_under_water_one_cm":1195,"minecraft:boat_one_cm":88394,"minecraft:jump":1312,"minecraft:interact_with_blast_furnace":1,"minecraft:walk_on_water_one_cm":9478,"minecraft:interact_with_furnace":3,"minecraft:play_one_minute":101873,"minecraft:time_since_rest":69484,"minecraft:damage_taken":2260,"minecraft:damage_dealt":5786,"minecraft:swim_one_cm":14509,"minecraft:fly_one_cm":284086,"minecraft:open_chest":6,"minecraft:crouch_one_cm":7175,"tombstone:undead_killed":2,"minecraft:interact_with_smoker":8,"minecraft:fall_one_cm":25242}},"DataVersion":2586}