{"stats":{"minecraft:crafted":{"minecraft:smooth_stone":9,"minecraft:oak_planks":1492,"minecraft:barrel":4,"minecraft:blaze_powder":24,"minecraft:stone":9,"minecraft:diamond_shovel":1,"minecraft:bookshelf":218,"minecraft:glass":1249,"minecraft:bow":2,"minecraft:diamond_helmet":4,"minecraft:diamond_leggings":4,"minecraft:chest":9,"minecraft:stone_hoe":1,"minecraft:oak_fence":12,"minecraft:name_tag":401,"minecraft:smoker":4,"minecraft:glass_bottle":222,"minecraft:oak_slab":30,"sophisticatedbackpacks:backpack":1,"minecraft:emerald":2047,"minecraft:cooked_porkchop":18,"minecraft:diamond_axe":1,"minecraft:crafting_table":7,"minecraft:spruce_planks":124,"minecraft:wooden_pickaxe":1,"minecraft:iron_helmet":9,"minecraft:smithing_table":1,"minecraft:lectern":5,"mining_helmet:mining_helmet":1,"minecraft:paper":2130,"minecraft:diamond_pickaxe":1,"minecraft:shield":16,"sophisticatedbackpacks:diamond_backpack":1,"minecraft:stick":184,"minecraft:iron_ingot":36,"minecraft:iron_pickaxe":8,"minecraft:iron_block":3,"minecraft:stone_sword":1,"minecraft:gold_ingot":197,"minecraft:netherite_ingot":4,"minecraft:oak_door":9,"minecraft:coal":306,"minecraft:furnace":9,"minecraft:blast_furnace":3,"minecraft:flint_and_steel":2,"minecraft:netherite_chestplate":1,"minecraft:lantern":489,"minecraft:iron_axe":3,"minecraft:ladder":54,"minecraft:iron_hoe":1,"minecraft:spruce_slab":12,"minecraft:stone_pickaxe":1,"minecraft:diamond_boots":4,"minecraft:spruce_boat":3,"minecraft:netherite_scrap":15,"sophisticatedbackpacks:iron_backpack":1,"minecraft:wheat":957,"minecraft:sugar":48,"minecraft:netherite_pickaxe":1,"minecraft:diamond_sword":1,"minecraft:enchanting_table":1,"minecraft:iron_sword":1,"minecraft:bell":1,"minecraft:bucket":2,"minecraft:stone_axe":2,"minecraft:enchanted_book":61,"minecraft:bread":415,"minecraft:air":0,"minecraft:oak_boat":5,"minecraft:golden_apple":16,"minecraft:fermented_spider_eye":10,"minecraft:oak_stairs":8,"minecraft:iron_shovel":3,"minecraft:anvil":1,"minecraft:white_bed":2,"minecraft:torch":372,"minecraft:diamond_chestplate":6},"minecraft:dropped":{"sophisticatedbackpacks:iron_backpack":3,"minecraft:iron_sword":3,"minecraft:porkchop":17,"minecraft:lapis_lazuli":3,"minecraft:glass_bottle":128,"minecraft:diamond":3,"minecraft:cooked_porkchop":10,"minecraft:lantern":4,"minecraft:leather":6,"sophisticatedbackpacks:gold_backpack":1,"minecraft:emerald":14,"minecraft:cod":8,"paraglider:spirit_orb":6,"minecraft:item_frame":3,"minecraft:flint":2,"minecraft:dirt":70,"minecraft:netherite_scrap":1,"artifacts:superstitious_hat":1,"minecraft:cornflower":2,"minecraft:mutton":7,"minecraft:dark_oak_trapdoor":1,"minecraft:sunflower":3,"minecraft:iron_pickaxe":3,"minecraft:birch_log":12,"minecraft:white_wool":7,"minecraft:gold_ingot":11,"minecraft:bone":19,"minecraft:oak_door":7,"minecraft:gravel":154,"minecraft:stone_axe":2,"minecraft:sugar_cane":15,"minecraft:iron_nugget":4,"minecraft:wheat":20,"minecraft:birch_sapling":3,"tombstone:impregnated_diamond":1,"minecraft:obsidian":3,"tombstone:gift":3,"minecraft:rotten_flesh":20,"minecraft:oak_planks":85,"minecraft:azure_bluet":4,"minecraft:white_bed":1,"minecraft:salmon":4,"minecraft:poppy":1,"minecraft:gunpowder":2,"minecraft:beetroot_seeds":4,"minecraft:stone_brick_wall":3,"minecraft:chainmail_boots":1,"minecraft:iron_ore":16,"minecraft:basalt":192,"minecraft:arrow":43,"minecraft:glass":129,"minecraft:beef":12,"minecraft:netherrack":400,"minecraft:lectern":2,"minecraft:egg":3,"minecraft:stone_hoe":1,"minecraft:enchanted_book":10,"minecraft:bread":435,"minecraft:wheat_seeds":345,"minecraft:smithing_table":1,"minecraft:diamond_leggings":2,"minecraft:oak_fence":8,"minecraft:iron_helmet":8,"minecraft:cobblestone":237,"minecraft:granite":57,"minecraft:grass_block":1,"tombstone:ankh_of_pray":1,"minecraft:stick":8,"minecraft:diorite":95,"minecraft:ink_sac":3,"minecraft:torch":6,"minecraft:iron_door":1,"minecraft:diamond_helmet":2,"tombstone:grave_dust":25,"minecraft:iron_leggings":1,"minecraft:white_banner":4,"minecraft:iron_axe":1,"minecraft:smooth_stone":2,"minecraft:iron_shovel":1,"minecraft:chainmail_leggings":3,"minecraft:paper":385,"minecraft:string":56,"minecraft:spruce_sapling":5,"minecraft:dandelion":14,"minecraft:redstone":7,"minecraft:furnace":1,"minecraft:soul_soil":4,"minecraft:oak_trapdoor":2,"minecraft:stone_sword":1,"minecraft:nether_wart":4,"minecraft:blaze_rod":6,"minecraft:cocoa_beans":1,"supplementaries:copper_lantern":1,"supplementaries:bomb":2,"minecraft:iron_boots":2,"minecraft:name_tag":2,"minecraft:lily_of_the_valley":2,"minecraft:flint_and_steel":2,"minecraft:blast_furnace":1,"minecraft:diamond_sword":2,"minecraft:potato":5,"minecraft:hay_block":18,"minecraft:spruce_boat":2,"minecraft:shield":12,"minecraft:diamond_chestplate":4,"minecraft:spruce_planks":36,"minecraft:diamond_pickaxe":2,"minecraft:iron_chestplate":2,"minecraft:andesite":178,"minecraft:oak_boat":1,"minecraft:oak_sapling":78,"minecraft:stone_bricks":9,"minecraft:spider_eye":12,"minecraft:brown_carpet":7,"minecraft:diamond_boots":2,"minecraft:bow":5,"minecraft:stone_pickaxe":1,"minecraft:magma_cream":10,"supplementaries:flute":1},"minecraft:mined":{"minecraft:spruce_planks":15,"minecraft:white_bed":41,"minecraft:oak_sapling":3,"minecraft:brewing_stand":5,"minecraft:spruce_trapdoor":1,"minecraft:obsidian":37,"minecraft:granite":382,"minecraft:stone_brick_wall":11,"minecraft:grass_block":1822,"minecraft:oak_pressure_plate":4,"minecraft:coal_block":35,"minecraft:oxeye_daisy":1,"minecraft:spawner":4,"minecraft:nether_wart":1,"minecraft:magma_block":4,"minecraft:glowstone":7,"minecraft:dark_oak_trapdoor":8,"minecraft:iron_ore":110,"minecraft:barrel":5,"minecraft:fire":28,"minecraft:azure_bluet":3,"minecraft:enchanting_table":1,"minecraft:oak_stairs":35,"minecraft:iron_block":4,"minecraft:spruce_slab":1,"minecraft:brown_mushroom":10,"minecraft:blackstone":191,"minecraft:smoker":5,"minecraft:soul_fire":4,"minecraft:clay":1,"minecraft:torch":33,"minecraft:blast_furnace":17,"minecraft:poppy":4,"minecraft:chest":11,"minecraft:nether_quartz_ore":29,"minecraft:cobblestone":663,"minecraft:damaged_anvil":3,"minecraft:oak_planks":454,"minecraft:sugar_cane":1683,"minecraft:iron_door":1,"minecraft:wall_torch":50,"minecraft:birch_sapling":1,"minecraft:white_terracotta":1,"minecraft:seagrass":3,"minecraft:wheat":274,"minecraft:grass":631,"minecraft:oak_log":18,"minecraft:beetroots":1,"minecraft:oak_fence_gate":1,"minecraft:sand":77,"minecraft:dirt":860,"minecraft:stonecutter":1,"minecraft:ancient_debris":15,"minecraft:netherrack":4877,"minecraft:oak_leaves":77,"minecraft:nether_gold_ore":225,"minecraft:diamond_ore":41,"minecraft:oak_door":8,"minecraft:nether_bricks":2,"minecraft:ladder":1,"minecraft:stone_button":2,"minecraft:spruce_fence":1,"minecraft:spruce_leaves":7,"supplementaries:copper_lantern":1,"minecraft:large_fern":1,"minecraft:hay_block":112,"minecraft:redstone_ore":51,"minecraft:oak_trapdoor":3,"minecraft:furnace":5,"minecraft:carrots":3,"minecraft:andesite":487,"minecraft:dark_oak_fence_gate":1,"minecraft:peony":34,"minecraft:bell":1,"minecraft:nether_brick_fence":1,"minecraft:bookshelf":117,"minecraft:potatoes":3,"minecraft:lantern":3,"minecraft:stone":6272,"supplementaries:wall_lantern":3,"minecraft:smithing_table":2,"supplementaries:book_pile_horizontal":2,"minecraft:oak_slab":7,"minecraft:acacia_leaves":1,"minecraft:glass_pane":1,"minecraft:comparator":1,"minecraft:soul_sand":8,"minecraft:lily_of_the_valley":1,"minecraft:brown_carpet":7,"minecraft:basalt":1013,"minecraft:dandelion":5,"minecraft:oak_fence":13,"minecraft:crafting_table":53,"minecraft:cornflower":7,"minecraft:emerald_ore":8,"minecraft:rose_bush":29,"minecraft:campfire":1,"minecraft:lectern":656,"minecraft:tall_grass":87,"minecraft:lapis_ore":17,"minecraft:diorite":502,"minecraft:beehive":1,"minecraft:birch_leaves":4,"minecraft:spruce_log":5,"minecraft:grass_path":225,"minecraft:coal_ore":202,"minecraft:sunflower":76,"minecraft:gravel":331,"minecraft:cobweb":83,"minecraft:cracked_stone_bricks":6,"minecraft:stone_bricks":22,"minecraft:mossy_stone_bricks":4,"minecraft:gold_ore":30,"minecraft:chipped_anvil":3,"paraglider:goddess_statue":3,"minecraft:infested_stone":11},"minecraft:killed_by":{"minecraft:piglin_brute":1,"minecraft:wither_skeleton":3,"minecraft:creeper":6,"minecraft:vindicator":4,"minecraft:piglin":3,"minecraft:cave_spider":1,"minecraft:blaze":3,"minecraft:zombie":5,"minecraft:spider":2,"minecraft:skeleton":2},"minecraft:used":{"minecraft:iron_shovel":576,"minecraft:spruce_slab":1,"minecraft:ladder":47,"minecraft:chest":15,"minecraft:white_terracotta":1,"minecraft:shield":109,"minecraft:iron_sword":264,"minecraft:bell":1,"minecraft:rotten_flesh":2,"paraglider:goddess_statue":2,"minecraft:nether_bricks":2,"minecraft:obsidian":25,"minecraft:spruce_boat":9,"minecraft:lava_bucket":6,"minecraft:lantern":11,"minecraft:grass_block":1,"carryon:tile_item":1,"minecraft:bow":11,"minecraft:written_book":1,"minecraft:oak_sapling":1,"minecraft:furnace":7,"minecraft:diorite":42,"minecraft:damaged_anvil":3,"minecraft:oak_planks":1170,"minecraft:stone_pickaxe":13,"minecraft:wooden_pickaxe":22,"minecraft:sugar_cane":484,"minecraft:diamond_axe":1072,"minecraft:sand":3,"tombstone:dust_of_vanishing":1,"minecraft:blast_furnace":18,"minecraft:stone_brick_wall":1,"minecraft:stone_button":1,"minecraft:bread":383,"minecraft:lectern":657,"minecraft:gravel":10,"minecraft:diamond_sword":655,"minecraft:smithing_table":2,"minecraft:andesite":3,"minecraft:oak_boat":73,"minecraft:oak_fence":8,"minecraft:netherite_sword":9,"minecraft:enchanting_table":2,"minecraft:stone_sword":120,"minecraft:flint_and_steel":21,"minecraft:spruce_planks":42,"minecraft:stone_hoe":87,"minecraft:netherrack":76,"minecraft:oak_door":7,"minecraft:torch":295,"minecraft:brewing_stand":6,"minecraft:dirt":2509,"minecraft:anvil":1,"minecraft:granite":15,"minecraft:oak_fence_gate":1,"minecraft:iron_hoe":131,"minecraft:chipped_anvil":3,"minecraft:bookshelf":144,"minecraft:iron_axe":658,"minecraft:oak_stairs":28,"minecraft:barrel":9,"minecraft:beef":2,"minecraft:netherite_pickaxe":5097,"minecraft:cooked_mutton":9,"minecraft:water_bucket":92,"minecraft:glass_bottle":31,"minecraft:oak_slab":6,"minecraft:crafting_table":56,"minecraft:white_bed":41,"minecraft:smoker":6,"minecraft:oak_log":1,"minecraft:diamond_pickaxe":9097,"minecraft:oxeye_daisy":1,"minecraft:diamond_shovel":1966,"minecraft:iron_pickaxe":1557,"minecraft:stone_axe":73,"minecraft:cobblestone":1874,"minecraft:porkchop":19,"minecraft:cooked_porkchop":17,"minecraft:bucket":100,"minecraft:splash_potion":25},"minecraft:broken":{"minecraft:iron_shovel":1,"minecraft:iron_boots":2,"minecraft:iron_leggings":2,"minecraft:iron_sword":1,"minecraft:shield":1,"minecraft:iron_axe":3,"minecraft:iron_pickaxe":5,"minecraft:iron_helmet":2},"minecraft:picked_up":{"minecraft:iron_chestplate":1,"minecraft:wheat":272,"minecraft:chainmail_boots":1,"minecraft:smithing_table":2,"minecraft:diamond_sword":2,"minecraft:oak_stairs":28,"minecraft:potion":3,"minecraft:enchanted_book":3,"minecraft:brewing_stand":6,"paraglider:goddess_statue":3,"minecraft:string":97,"minecraft:dark_oak_trapdoor":1,"minecraft:soul_soil":8,"minecraft:iron_leggings":1,"minecraft:diamond_leggings":1,"minecraft:gold_nugget":1782,"minecraft:smooth_stone":2,"minecraft:comparator":1,"minecraft:spruce_planks":15,"minecraft:rose_bush":19,"minecraft:written_book":1,"minecraft:iron_pickaxe":2,"minecraft:coal_block":34,"minecraft:iron_boots":2,"minecraft:furnace":6,"minecraft:golden_helmet":1,"minecraft:stick":117,"minecraft:oak_fence":12,"minecraft:torch":161,"minecraft:porkchop":57,"tombstone:grave_dust":29,"minecraft:diorite":415,"minecraft:brown_carpet":7,"minecraft:rotten_flesh":76,"minecraft:iron_block":4,"minecraft:white_terracotta":1,"minecraft:blaze_rod":12,"minecraft:obsidian":32,"minecraft:cod":4,"minecraft:blaze_powder":86,"minecraft:cobblestone":3824,"minecraft:birch_log":54,"minecraft:enchanting_table":1,"minecraft:magma_cream":10,"minecraft:iron_door":1,"minecraft:andesite":344,"minecraft:smoker":5,"minecraft:potato":3,"paraglider:spirit_orb":8,"minecraft:flint":72,"supplementaries:flute":1,"minecraft:lapis_lazuli":116,"minecraft:dirt":2647,"minecraft:lantern":81,"minecraft:name_tag":3,"minecraft:glass":2,"minecraft:bone":74,"minecraft:chipped_anvil":3,"minecraft:bow":11,"minecraft:stonecutter":1,"minecraft:wheat_seeds":543,"minecraft:bell":1,"minecraft:mossy_stone_bricks":1,"minecraft:glowstone_dust":21,"minecraft:oak_planks":668,"minecraft:cooked_porkchop":9,"minecraft:oak_pressure_plate":4,"minecraft:sand":60,"minecraft:ink_sac":13,"sophisticatedbackpacks:iron_backpack":1,"minecraft:grass_block":3,"minecraft:lily_of_the_valley":2,"minecraft:barrel":5,"mining_helmet:mining_helmet":2,"minecraft:sugar":76,"minecraft:diamond":143,"minecraft:spruce_boat":10,"minecraft:granite":274,"minecraft:golden_apple":2,"supplementaries:copper_lantern":1,"minecraft:emerald":79,"minecraft:bread":390,"minecraft:oak_sapling":124,"minecraft:netherrack":1454,"minecraft:diamond_pickaxe":2,"sophisticatedbackpacks:gold_backpack":2,"tombstone:dust_of_vanishing":1,"minecraft:cocoa_beans":1,"minecraft:crafting_table":52,"minecraft:azure_bluet":9,"minecraft:ladder":5,"minecraft:nether_wart":4,"minecraft:brown_mushroom":12,"minecraft:stone_brick_wall":8,"minecraft:cornflower":16,"minecraft:oak_trapdoor":3,"minecraft:iron_axe":1,"minecraft:netherite_scrap":1,"minecraft:item_frame":3,"tombstone:impregnated_diamond":1,"minecraft:blackstone":87,"minecraft:beef":14,"minecraft:oak_boat":78,"minecraft:iron_nugget":2,"minecraft:poppy":4,"minecraft:spruce_slab":1,"minecraft:lectern":657,"supplementaries:rope":13,"minecraft:sugar_cane":2688,"minecraft:chest":10,"minecraft:birch_sapling":12,"minecraft:egg":3,"tombstone:ankh_of_pray":1,"minecraft:oak_door":8,"minecraft:spruce_fence":1,"minecraft:stone_button":4,"minecraft:carrot":4,"minecraft:redstone":194,"minecraft:arrow":78,"minecraft:diamond_chestplate":2,"minecraft:beetroot_seeds":5,"minecraft:peony":2,"minecraft:nether_bricks":2,"minecraft:hay_block":133,"minecraft:gold_ingot":18,"minecraft:mutton":9,"minecraft:rail":16,"minecraft:white_wool":14,"minecraft:oxeye_daisy":1,"minecraft:basalt":197,"minecraft:salmon":2,"minecraft:leather":11,"minecraft:oak_log":493,"minecraft:ancient_debris":15,"minecraft:gunpowder":32,"minecraft:paper":464,"minecraft:white_banner":4,"minecraft:cooked_mutton":9,"minecraft:apple":18,"minecraft:stone_bricks":20,"minecraft:iron_ingot":76,"minecraft:oak_fence_gate":1,"minecraft:iron_ore":70,"tombstone:bag_of_seeds":2,"minecraft:glass_bottle":319,"minecraft:book":651,"minecraft:oak_slab":6,"minecraft:quartz":20,"minecraft:dandelion":19,"minecraft:gravel":216,"minecraft:spruce_sapling":3,"minecraft:blast_furnace":16,"minecraft:white_bed":44,"minecraft:spruce_log":28,"minecraft:gold_ore":25,"minecraft:dark_oak_fence_gate":1,"minecraft:spider_eye":31,"minecraft:chainmail_leggings":4,"minecraft:iron_helmet":2,"tombstone:magic_scroll":2,"minecraft:damaged_anvil":3,"minecraft:coal":304,"minecraft:sunflower":83,"minecraft:ender_pearl":9},"minecraft:custom":{"minecraft:interact_with_crafting_table":180,"minecraft:open_barrel":28,"minecraft:bell_ring":26,"minecraft:leave_game":20,"minecraft:time_since_death":133202,"minecraft:sprint_one_cm":3258346,"minecraft:damage_blocked_by_shield":6190,"minecraft:drop":394,"minecraft:talked_to_villager":1361,"minecraft:deaths":36,"minecraft:jump":13062,"minecraft:interact_with_brewingstand":64,"minecraft:walk_on_water_one_cm":119145,"minecraft:interact_with_furnace":42,"minecraft:traded_with_villager":3510,"minecraft:play_one_minute":1429002,"minecraft:sleep_in_bed":28,"minecraft:damage_dealt":58994,"minecraft:crouch_one_cm":94895,"tombstone:undead_killed":137,"tombstone:villager_killed":7,"minecraft:interact_with_smoker":13,"minecraft:interact_with_smithing_table":13,"minecraft:interact_with_anvil":66,"minecraft:mob_kills":336,"tombstone:use_vanishing":1,"minecraft:climb_one_cm":92559,"minecraft:walk_one_cm":3391759,"minecraft:sneak_time":31024,"minecraft:walk_under_water_one_cm":33091,"minecraft:boat_one_cm":2476922,"minecraft:interact_with_blast_furnace":30,"tombstone:raider_killed":27,"minecraft:raid_trigger":1,"minecraft:time_since_rest":593,"minecraft:damage_taken":27994,"minecraft:swim_one_cm":75888,"minecraft:fly_one_cm":3047563,"minecraft:open_chest":91,"minecraft:fall_one_cm":426919},"minecraft:killed":{"minecraft:cave_spider":4,"minecraft:zombified_piglin":1,"minecraft:witch":3,"minecraft:spider":55,"minecraft:skeleton":66,"minecraft:silverfish":12,"minecraft:piglin":4,"minecraft:pig":30,"minecraft:creeper":18,"minecraft:sheep":8,"minecraft:pillager":18,"minecraft:zombie":67,"minecraft:blaze":8,"minecraft:cow":9,"minecraft:vindicator":2,"minecraft:drowned":1,"minecraft:ravager":1,"minecraft:wither_skeleton":2,"minecraft:villager":7,"minecraft:enderman":4}},"DataVersion":2586}