{"stats":{"minecraft:mined":{"minecraft:diamond_ore":8,"minecraft:spruce_planks":15,"minecraft:white_bed":1,"minecraft:spruce_trapdoor":1,"minecraft:obsidian":16,"minecraft:nether_bricks":2,"minecraft:granite":34,"minecraft:spruce_fence":1,"minecraft:grass_block":77,"minecraft:spruce_leaves":7,"minecraft:spawner":1,"minecraft:large_fern":1,"minecraft:hay_block":44,"minecraft:redstone_ore":17,"minecraft:glowstone":7,"minecraft:furnace":3,"minecraft:dark_oak_trapdoor":1,"minecraft:iron_ore":25,"minecraft:fire":2,"minecraft:andesite":125,"minecraft:nether_brick_fence":1,"minecraft:bookshelf":2,"minecraft:oak_stairs":1,"minecraft:stone":1331,"minecraft:iron_block":2,"minecraft:spruce_slab":1,"supplementaries:book_pile_horizontal":1,"minecraft:acacia_leaves":1,"minecraft:brown_mushroom":10,"minecraft:glass_pane":1,"minecraft:smoker":1,"minecraft:soul_fire":1,"minecraft:cornflower":2,"minecraft:dandelion":1,"minecraft:oak_fence":4,"minecraft:crafting_table":32,"minecraft:torch":17,"minecraft:blast_furnace":2,"minecraft:emerald_ore":1,"minecraft:chest":1,"minecraft:campfire":1,"minecraft:lectern":243,"minecraft:tall_grass":16,"minecraft:cobblestone":116,"minecraft:lapis_ore":7,"minecraft:oak_planks":31,"minecraft:sugar_cane":76,"minecraft:diorite":100,"minecraft:wall_torch":11,"minecraft:white_terracotta":1,"minecraft:wheat":44,"minecraft:spruce_log":5,"minecraft:grass_path":6,"minecraft:grass":72,"minecraft:coal_ore":54,"minecraft:oak_log":8,"minecraft:gravel":24,"minecraft:sand":16,"minecraft:sunflower":1,"minecraft:dirt":55,"minecraft:cobweb":27,"minecraft:stone_bricks":3,"minecraft:netherrack":1,"minecraft:gold_ore":15,"minecraft:oak_leaves":1,"minecraft:infested_stone":5,"paraglider:goddess_statue":1},"minecraft:picked_up":{"sophisticatedbackpacks:gold_backpack":2,"minecraft:iron_chestplate":1,"minecraft:crafting_table":32,"minecraft:wheat":79,"minecraft:azure_bluet":4,"minecraft:brown_mushroom":11,"minecraft:enchanted_book":2,"minecraft:brewing_stand":1,"minecraft:cornflower":4,"paraglider:goddess_statue":1,"minecraft:string":39,"minecraft:dark_oak_trapdoor":1,"minecraft:soul_soil":8,"minecraft:iron_leggings":1,"minecraft:gold_nugget":3,"minecraft:smooth_stone":2,"minecraft:spruce_planks":15,"minecraft:beef":14,"minecraft:iron_pickaxe":2,"minecraft:spruce_slab":1,"minecraft:lectern":245,"minecraft:sugar_cane":100,"minecraft:chest":1,"minecraft:iron_boots":2,"minecraft:furnace":4,"minecraft:stick":34,"minecraft:oak_fence":4,"minecraft:torch":46,"minecraft:spruce_fence":1,"minecraft:porkchop":54,"tombstone:grave_dust":5,"minecraft:diorite":64,"minecraft:redstone":86,"minecraft:arrow":13,"minecraft:rotten_flesh":13,"minecraft:nether_bricks":2,"minecraft:hay_block":65,"minecraft:iron_block":2,"minecraft:white_terracotta":1,"minecraft:blaze_rod":12,"minecraft:obsidian":13,"minecraft:mutton":3,"minecraft:white_wool":3,"minecraft:cobblestone":1245,"minecraft:andesite":108,"minecraft:leather":11,"minecraft:smoker":1,"paraglider:spirit_orb":2,"minecraft:flint":1,"minecraft:oak_log":87,"minecraft:gunpowder":2,"minecraft:lapis_lazuli":47,"minecraft:dirt":169,"minecraft:lantern":1,"minecraft:name_tag":1,"minecraft:bone":19,"minecraft:apple":2,"minecraft:stone_bricks":5,"minecraft:wheat_seeds":98,"minecraft:iron_ingot":72,"minecraft:iron_ore":30,"minecraft:glowstone_dust":21,"minecraft:oak_planks":121,"minecraft:book":71,"minecraft:cooked_porkchop":5,"minecraft:dandelion":1,"minecraft:gravel":45,"minecraft:sand":15,"minecraft:spruce_sapling":3,"sophisticatedbackpacks:iron_backpack":1,"minecraft:blast_furnace":2,"minecraft:white_bed":2,"minecraft:spruce_log":28,"minecraft:grass_block":1,"minecraft:gold_ore":15,"minecraft:spider_eye":16,"mining_helmet:mining_helmet":2,"minecraft:diamond":11,"minecraft:spruce_boat":10,"minecraft:chainmail_leggings":3,"minecraft:iron_helmet":1,"minecraft:granite":32,"minecraft:emerald":2,"minecraft:oak_sapling":19,"minecraft:coal":64,"minecraft:sunflower":2,"minecraft:ender_pearl":1},"minecraft:custom":{"minecraft:interact_with_anvil":2,"minecraft:mob_kills":114,"minecraft:interact_with_crafting_table":53,"minecraft:open_barrel":2,"minecraft:leave_game":2,"minecraft:time_since_death":8766,"minecraft:climb_one_cm":1070,"minecraft:sprint_one_cm":650980,"minecraft:walk_one_cm":659209,"minecraft:damage_blocked_by_shield":1010,"minecraft:drop":133,"minecraft:talked_to_villager":306,"minecraft:deaths":20,"minecraft:sneak_time":6023,"minecraft:walk_under_water_one_cm":13080,"minecraft:boat_one_cm":253625,"minecraft:interact_with_brewingstand":6,"minecraft:jump":3529,"minecraft:interact_with_blast_furnace":2,"minecraft:walk_on_water_one_cm":34619,"minecraft:interact_with_furnace":6,"tombstone:raider_killed":2,"minecraft:traded_with_villager":1,"minecraft:play_one_minute":309903,"minecraft:sleep_in_bed":4,"minecraft:time_since_rest":7966,"minecraft:damage_taken":10555,"minecraft:damage_dealt":18561,"minecraft:swim_one_cm":28369,"minecraft:fly_one_cm":750010,"minecraft:open_chest":29,"minecraft:crouch_one_cm":10047,"tombstone:undead_killed":28,"tombstone:villager_killed":1,"minecraft:interact_with_smoker":8,"minecraft:fall_one_cm":72648},"minecraft:killed":{"minecraft:cave_spider":2,"minecraft:witch":2,"minecraft:spider":26,"minecraft:skeleton":12,"minecraft:pig":26,"minecraft:sheep":3,"minecraft:zombie":14,"minecraft:wither_skeleton":2,"minecraft:villager":1,"minecraft:blaze":8,"minecraft:enderman":1,"minecraft:cow":9},"minecraft:crafted":{"minecraft:oak_planks":184,"minecraft:blaze_powder":24,"minecraft:furnace":1,"minecraft:bookshelf":5,"minecraft:flint_and_steel":1,"minecraft:glass":4,"minecraft:iron_axe":2,"minecraft:spruce_slab":12,"minecraft:stone_pickaxe":1,"minecraft:chest":1,"minecraft:spruce_boat":3,"minecraft:stone_hoe":1,"minecraft:oak_fence":12,"minecraft:smoker":1,"sophisticatedbackpacks:iron_backpack":1,"minecraft:wheat":352,"minecraft:glass_bottle":3,"minecraft:oak_slab":12,"sophisticatedbackpacks:backpack":1,"minecraft:emerald":1,"minecraft:cooked_porkchop":18,"minecraft:crafting_table":2,"minecraft:spruce_planks":124,"minecraft:wooden_pickaxe":1,"minecraft:iron_sword":1,"minecraft:bucket":1,"minecraft:stone_axe":2,"minecraft:bread":137,"minecraft:air":0,"minecraft:lectern":5,"minecraft:paper":27,"minecraft:diamond_pickaxe":1,"minecraft:shield":1,"minecraft:stick":64,"minecraft:iron_ingot":18,"minecraft:iron_pickaxe":8,"minecraft:stone_sword":1,"minecraft:iron_shovel":1,"minecraft:white_bed":1,"minecraft:torch":144},"minecraft:used":{"minecraft:oak_fence":8,"minecraft:stone_sword":120,"minecraft:iron_shovel":61,"minecraft:flint_and_steel":2,"minecraft:spruce_slab":1,"minecraft:chest":1,"minecraft:spruce_planks":42,"minecraft:white_terracotta":1,"minecraft:shield":15,"minecraft:iron_sword":257,"minecraft:stone_hoe":87,"minecraft:torch":98,"minecraft:brewing_stand":1,"minecraft:dirt":137,"minecraft:nether_bricks":2,"minecraft:obsidian":13,"minecraft:spruce_boat":9,"minecraft:lantern":1,"minecraft:iron_axe":468,"minecraft:grass_block":1,"minecraft:beef":2,"minecraft:furnace":3,"minecraft:water_bucket":11,"minecraft:oak_planks":76,"minecraft:stone_pickaxe":13,"minecraft:glass_bottle":3,"minecraft:wooden_pickaxe":22,"minecraft:sugar_cane":27,"minecraft:crafting_table":32,"minecraft:blast_furnace":1,"minecraft:white_bed":1,"minecraft:smoker":1,"minecraft:diamond_pickaxe":383,"minecraft:iron_pickaxe":1557,"minecraft:bread":96,"minecraft:lectern":246,"minecraft:gravel":10,"minecraft:stone_axe":73,"minecraft:cobblestone":610,"minecraft:porkchop":19,"minecraft:cooked_porkchop":8,"minecraft:bucket":12},"minecraft:broken":{"minecraft:iron_boots":1,"minecraft:iron_leggings":1,"minecraft:iron_axe":1,"minecraft:iron_sword":1,"minecraft:iron_pickaxe":5,"minecraft:iron_helmet":1},"minecraft:killed_by":{"minecraft:wither_skeleton":3,"minecraft:creeper":2,"minecraft:spider":2,"minecraft:piglin":1,"minecraft:cave_spider":1,"minecraft:skeleton":1,"minecraft:blaze":3,"minecraft:zombie":3},"minecraft:dropped":{"minecraft:enchanted_book":2,"sophisticatedbackpacks:iron_backpack":3,"minecraft:stone_hoe":1,"minecraft:bread":16,"minecraft:iron_sword":2,"minecraft:porkchop":17,"minecraft:wheat_seeds":98,"minecraft:cooked_porkchop":10,"minecraft:oak_fence":8,"minecraft:iron_helmet":1,"minecraft:cobblestone":225,"minecraft:leather":6,"minecraft:granite":32,"minecraft:stick":8,"sophisticatedbackpacks:gold_backpack":1,"minecraft:dirt":36,"minecraft:diorite":41,"minecraft:mutton":3,"minecraft:dark_oak_trapdoor":1,"tombstone:grave_dust":4,"minecraft:iron_leggings":1,"minecraft:sunflower":1,"minecraft:iron_pickaxe":1,"minecraft:smooth_stone":2,"minecraft:paper":1,"minecraft:chainmail_leggings":2,"minecraft:string":18,"minecraft:spruce_sapling":4,"minecraft:bone":12,"minecraft:gravel":33,"minecraft:furnace":1,"minecraft:stone_axe":2,"minecraft:sugar_cane":15,"minecraft:soul_soil":4,"minecraft:blaze_rod":6,"minecraft:stone_sword":1,"minecraft:wheat":19,"supplementaries:bomb":2,"tombstone:gift":3,"minecraft:rotten_flesh":13,"minecraft:oak_planks":79,"minecraft:iron_boots":2,"minecraft:name_tag":2,"minecraft:azure_bluet":4,"minecraft:white_bed":1,"minecraft:blast_furnace":1,"minecraft:hay_block":18,"minecraft:spruce_boat":2,"minecraft:gunpowder":2,"minecraft:spruce_planks":36,"minecraft:iron_chestplate":1,"minecraft:andesite":32,"minecraft:oak_sapling":19,"minecraft:stone_bricks":5,"minecraft:spider_eye":9,"minecraft:iron_ore":4,"minecraft:arrow":5,"minecraft:stone_pickaxe":1,"minecraft:glass":1,"minecraft:beef":12,"minecraft:lectern":2}},"DataVersion":2586}