{"stats":{"minecraft:mined":{"minecraft:spruce_planks":15,"minecraft:white_bed":11,"minecraft:oak_sapling":3,"minecraft:brewing_stand":2,"minecraft:obsidian":16,"minecraft:spruce_trapdoor":1,"minecraft:granite":34,"minecraft:grass_block":239,"minecraft:stone_brick_wall":3,"minecraft:oak_pressure_plate":2,"minecraft:coal_block":32,"minecraft:nether_wart":1,"minecraft:spawner":1,"minecraft:glowstone":7,"minecraft:dark_oak_trapdoor":1,"minecraft:iron_ore":25,"minecraft:fire":6,"minecraft:azure_bluet":1,"minecraft:oak_stairs":2,"minecraft:iron_block":3,"minecraft:spruce_slab":1,"minecraft:brown_mushroom":10,"minecraft:smoker":2,"minecraft:soul_fire":4,"minecraft:torch":18,"minecraft:blast_furnace":9,"minecraft:poppy":2,"minecraft:chest":2,"minecraft:cobblestone":375,"minecraft:sugar_cane":355,"minecraft:oak_planks":95,"minecraft:wall_torch":15,"minecraft:birch_sapling":1,"minecraft:white_terracotta":1,"minecraft:wheat":219,"minecraft:grass":140,"minecraft:oak_log":14,"minecraft:sand":35,"minecraft:dirt":166,"minecraft:netherrack":50,"minecraft:oak_leaves":23,"minecraft:nether_gold_ore":205,"minecraft:diamond_ore":8,"minecraft:oak_door":6,"minecraft:nether_bricks":2,"minecraft:spruce_fence":1,"minecraft:spruce_leaves":7,"minecraft:large_fern":1,"minecraft:hay_block":47,"minecraft:redstone_ore":17,"minecraft:oak_trapdoor":2,"minecraft:furnace":5,"minecraft:andesite":125,"minecraft:nether_brick_fence":1,"minecraft:bookshelf":2,"minecraft:stone":1334,"supplementaries:book_pile_horizontal":1,"minecraft:acacia_leaves":1,"minecraft:glass_pane":1,"minecraft:comparator":1,"minecraft:lily_of_the_valley":1,"minecraft:brown_carpet":7,"minecraft:dandelion":1,"minecraft:oak_fence":8,"minecraft:crafting_table":39,"minecraft:cornflower":5,"minecraft:emerald_ore":1,"minecraft:lectern":252,"minecraft:campfire":1,"minecraft:tall_grass":25,"minecraft:lapis_ore":7,"minecraft:diorite":100,"minecraft:spruce_log":5,"minecraft:birch_leaves":4,"minecraft:grass_path":45,"minecraft:coal_ore":54,"minecraft:sunflower":75,"minecraft:gravel":43,"minecraft:cobweb":27,"minecraft:stone_bricks":11,"minecraft:chipped_anvil":1,"minecraft:gold_ore":15,"minecraft:infested_stone":5,"paraglider:goddess_statue":3},"minecraft:picked_up":{"minecraft:iron_chestplate":1,"minecraft:wheat":220,"minecraft:chainmail_boots":1,"minecraft:diamond_sword":1,"minecraft:potion":1,"minecraft:enchanted_book":2,"minecraft:brewing_stand":3,"minecraft:dark_oak_trapdoor":1,"paraglider:goddess_statue":3,"minecraft:string":47,"minecraft:soul_soil":8,"minecraft:iron_leggings":1,"minecraft:gold_nugget":1662,"minecraft:smooth_stone":2,"minecraft:comparator":1,"minecraft:spruce_planks":15,"minecraft:iron_pickaxe":2,"minecraft:coal_block":31,"minecraft:furnace":6,"minecraft:iron_boots":2,"minecraft:stick":92,"minecraft:oak_fence":8,"minecraft:torch":53,"minecraft:porkchop":54,"tombstone:grave_dust":7,"minecraft:diorite":64,"minecraft:brown_carpet":7,"minecraft:rotten_flesh":21,"minecraft:iron_block":3,"minecraft:white_terracotta":1,"minecraft:blaze_rod":12,"minecraft:obsidian":13,"minecraft:blaze_powder":23,"minecraft:cobblestone":1503,"minecraft:birch_log":12,"minecraft:magma_cream":10,"minecraft:andesite":108,"minecraft:smoker":2,"paraglider:spirit_orb":2,"minecraft:flint":2,"supplementaries:flute":1,"minecraft:lapis_lazuli":47,"minecraft:dirt":518,"minecraft:lantern":5,"minecraft:name_tag":1,"minecraft:bone":31,"minecraft:chipped_anvil":1,"minecraft:bow":4,"minecraft:wheat_seeds":305,"minecraft:glowstone_dust":21,"minecraft:oak_planks":239,"minecraft:cooked_porkchop":5,"minecraft:oak_pressure_plate":2,"minecraft:sand":34,"sophisticatedbackpacks:iron_backpack":1,"minecraft:ink_sac":2,"minecraft:grass_block":1,"minecraft:lily_of_the_valley":2,"mining_helmet:mining_helmet":2,"minecraft:diamond":11,"minecraft:spruce_boat":10,"minecraft:granite":32,"minecraft:golden_apple":2,"minecraft:bread":126,"minecraft:emerald":18,"minecraft:oak_sapling":93,"minecraft:netherrack":45,"minecraft:diamond_pickaxe":2,"sophisticatedbackpacks:gold_backpack":2,"minecraft:crafting_table":39,"tombstone:dust_of_vanishing":1,"minecraft:azure_bluet":5,"minecraft:nether_wart":4,"minecraft:brown_mushroom":11,"minecraft:stone_brick_wall":3,"minecraft:cornflower":8,"minecraft:oak_trapdoor":2,"minecraft:iron_axe":1,"minecraft:netherite_scrap":1,"minecraft:beef":14,"minecraft:oak_boat":19,"minecraft:iron_nugget":2,"minecraft:poppy":1,"minecraft:spruce_slab":1,"minecraft:lectern":254,"minecraft:sugar_cane":448,"minecraft:chest":1,"minecraft:birch_sapling":4,"minecraft:egg":2,"minecraft:oak_door":6,"minecraft:spruce_fence":1,"minecraft:redstone":86,"minecraft:arrow":33,"minecraft:diamond_chestplate":1,"minecraft:peony":1,"minecraft:nether_bricks":2,"minecraft:hay_block":68,"minecraft:gold_ingot":18,"minecraft:mutton":5,"minecraft:white_wool":4,"minecraft:oxeye_daisy":1,"minecraft:leather":11,"minecraft:oak_log":372,"minecraft:gunpowder":10,"minecraft:paper":445,"minecraft:white_banner":2,"minecraft:apple":11,"minecraft:stone_bricks":13,"minecraft:iron_ingot":72,"minecraft:iron_ore":30,"minecraft:book":183,"minecraft:dandelion":15,"minecraft:gravel":62,"minecraft:blast_furnace":9,"minecraft:spruce_sapling":3,"minecraft:white_bed":13,"minecraft:spruce_log":28,"minecraft:gold_ore":15,"minecraft:spider_eye":19,"minecraft:chainmail_leggings":4,"minecraft:iron_helmet":2,"tombstone:magic_scroll":1,"minecraft:coal":76,"minecraft:sunflower":79,"minecraft:ender_pearl":1},"minecraft:custom":{"minecraft:interact_with_crafting_table":96,"minecraft:open_barrel":2,"minecraft:leave_game":5,"minecraft:time_since_death":12948,"minecraft:sprint_one_cm":1366508,"minecraft:damage_blocked_by_shield":3460,"minecraft:drop":246,"minecraft:talked_to_villager":414,"minecraft:deaths":28,"minecraft:jump":6842,"minecraft:interact_with_brewingstand":26,"minecraft:walk_on_water_one_cm":64482,"minecraft:interact_with_furnace":18,"minecraft:traded_with_villager":89,"minecraft:play_one_minute":579191,"minecraft:sleep_in_bed":9,"minecraft:damage_dealt":28000,"minecraft:crouch_one_cm":18566,"tombstone:undead_killed":42,"tombstone:villager_killed":4,"minecraft:interact_with_smoker":8,"minecraft:mob_kills":157,"minecraft:interact_with_anvil":8,"tombstone:use_vanishing":1,"minecraft:climb_one_cm":4502,"minecraft:walk_one_cm":1308942,"minecraft:sneak_time":9644,"minecraft:walk_under_water_one_cm":18232,"minecraft:boat_one_cm":738223,"minecraft:interact_with_blast_furnace":7,"tombstone:raider_killed":13,"minecraft:time_since_rest":3598,"minecraft:damage_taken":18741,"minecraft:swim_one_cm":60174,"minecraft:fly_one_cm":1427256,"minecraft:open_chest":31,"minecraft:fall_one_cm":160665},"minecraft:killed":{"minecraft:cave_spider":2,"minecraft:witch":2,"minecraft:spider":32,"minecraft:skeleton":20,"minecraft:piglin":4,"minecraft:pig":26,"minecraft:creeper":3,"minecraft:sheep":4,"minecraft:pillager":9,"minecraft:zombie":19,"minecraft:cow":9,"minecraft:blaze":8,"minecraft:vindicator":1,"minecraft:drowned":1,"minecraft:ravager":1,"minecraft:wither_skeleton":2,"minecraft:villager":4,"minecraft:enderman":1},"minecraft:crafted":{"minecraft:oak_planks":556,"minecraft:blaze_powder":24,"minecraft:bookshelf":5,"minecraft:glass":13,"minecraft:diamond_helmet":2,"minecraft:diamond_leggings":2,"minecraft:chest":1,"minecraft:stone_hoe":1,"minecraft:oak_fence":12,"minecraft:smoker":1,"minecraft:glass_bottle":12,"minecraft:oak_slab":12,"minecraft:emerald":54,"sophisticatedbackpacks:backpack":1,"minecraft:cooked_porkchop":18,"minecraft:diamond_axe":1,"minecraft:crafting_table":3,"minecraft:spruce_planks":124,"minecraft:iron_helmet":9,"minecraft:wooden_pickaxe":1,"minecraft:lectern":5,"minecraft:paper":198,"minecraft:diamond_pickaxe":1,"minecraft:shield":14,"minecraft:stick":84,"minecraft:iron_ingot":27,"minecraft:iron_pickaxe":8,"minecraft:stone_sword":1,"minecraft:gold_ingot":184,"minecraft:oak_door":3,"minecraft:coal":144,"minecraft:furnace":1,"minecraft:flint_and_steel":1,"minecraft:iron_axe":3,"minecraft:spruce_slab":12,"minecraft:stone_pickaxe":1,"minecraft:diamond_boots":2,"minecraft:spruce_boat":3,"minecraft:wheat":379,"sophisticatedbackpacks:iron_backpack":1,"minecraft:sugar":48,"minecraft:diamond_sword":1,"minecraft:iron_sword":1,"minecraft:bucket":2,"minecraft:stone_axe":2,"minecraft:enchanted_book":6,"minecraft:bread":193,"minecraft:air":0,"minecraft:oak_boat":4,"minecraft:golden_apple":9,"minecraft:fermented_spider_eye":8,"minecraft:iron_shovel":2,"minecraft:white_bed":1,"minecraft:torch":188,"minecraft:diamond_chestplate":2},"minecraft:used":{"minecraft:iron_shovel":292,"minecraft:spruce_slab":1,"minecraft:chest":1,"minecraft:white_terracotta":1,"minecraft:shield":48,"minecraft:iron_sword":264,"minecraft:rotten_flesh":2,"paraglider:goddess_statue":2,"minecraft:nether_bricks":2,"minecraft:obsidian":13,"minecraft:spruce_boat":9,"minecraft:lantern":1,"minecraft:grass_block":1,"minecraft:furnace":5,"minecraft:oak_sapling":1,"minecraft:oak_planks":240,"minecraft:stone_pickaxe":13,"minecraft:wooden_pickaxe":22,"minecraft:diamond_axe":68,"minecraft:sugar_cane":185,"tombstone:dust_of_vanishing":1,"minecraft:blast_furnace":8,"minecraft:stone_brick_wall":1,"minecraft:bread":223,"minecraft:lectern":254,"minecraft:gravel":10,"minecraft:diamond_sword":64,"minecraft:oak_boat":17,"minecraft:oak_fence":8,"minecraft:stone_sword":120,"minecraft:flint_and_steel":2,"minecraft:spruce_planks":42,"minecraft:stone_hoe":87,"minecraft:netherrack":37,"minecraft:oak_door":2,"minecraft:torch":121,"minecraft:brewing_stand":3,"minecraft:dirt":515,"minecraft:chipped_anvil":1,"minecraft:iron_axe":658,"minecraft:beef":2,"minecraft:water_bucket":36,"minecraft:glass_bottle":12,"minecraft:crafting_table":39,"minecraft:white_bed":9,"minecraft:smoker":1,"minecraft:diamond_pickaxe":1054,"minecraft:oxeye_daisy":1,"minecraft:iron_pickaxe":1557,"minecraft:stone_axe":73,"minecraft:cobblestone":982,"minecraft:porkchop":19,"minecraft:cooked_porkchop":13,"minecraft:bucket":38,"minecraft:splash_potion":11},"minecraft:broken":{"minecraft:iron_boots":2,"minecraft:iron_leggings":2,"minecraft:iron_sword":1,"minecraft:iron_axe":3,"minecraft:iron_pickaxe":5,"minecraft:iron_helmet":2},"minecraft:killed_by":{"minecraft:piglin_brute":1,"minecraft:wither_skeleton":3,"minecraft:creeper":4,"minecraft:vindicator":1,"minecraft:piglin":3,"minecraft:cave_spider":1,"minecraft:blaze":3,"minecraft:zombie":4,"minecraft:spider":2,"minecraft:skeleton":1},"minecraft:dropped":{"sophisticatedbackpacks:iron_backpack":3,"minecraft:iron_sword":2,"minecraft:porkchop":17,"minecraft:cooked_porkchop":10,"minecraft:lantern":2,"minecraft:leather":6,"minecraft:emerald":14,"minecraft:flint":1,"sophisticatedbackpacks:gold_backpack":1,"minecraft:dirt":43,"minecraft:netherite_scrap":1,"minecraft:mutton":3,"minecraft:dark_oak_trapdoor":1,"minecraft:sunflower":1,"minecraft:iron_pickaxe":3,"minecraft:birch_log":12,"minecraft:gold_ingot":8,"minecraft:bone":19,"minecraft:oak_door":7,"minecraft:gravel":48,"minecraft:stone_axe":2,"minecraft:sugar_cane":15,"minecraft:iron_nugget":4,"minecraft:birch_sapling":3,"minecraft:wheat":19,"tombstone:gift":3,"minecraft:rotten_flesh":17,"minecraft:oak_planks":79,"minecraft:azure_bluet":4,"minecraft:white_bed":1,"minecraft:poppy":1,"minecraft:gunpowder":2,"minecraft:stone_brick_wall":2,"minecraft:chainmail_boots":1,"minecraft:iron_ore":4,"minecraft:arrow":25,"minecraft:glass":1,"minecraft:beef":12,"minecraft:netherrack":7,"minecraft:lectern":2,"minecraft:egg":3,"minecraft:enchanted_book":5,"minecraft:stone_hoe":1,"minecraft:bread":111,"minecraft:wheat_seeds":301,"minecraft:diamond_leggings":1,"minecraft:oak_fence":8,"minecraft:iron_helmet":8,"minecraft:cobblestone":225,"minecraft:granite":32,"minecraft:stick":8,"minecraft:diorite":41,"minecraft:diamond_helmet":1,"tombstone:grave_dust":6,"minecraft:iron_leggings":1,"minecraft:white_banner":2,"minecraft:iron_axe":1,"minecraft:smooth_stone":2,"minecraft:iron_shovel":1,"minecraft:chainmail_leggings":3,"minecraft:paper":1,"minecraft:string":27,"minecraft:spruce_sapling":5,"minecraft:dandelion":12,"minecraft:furnace":1,"minecraft:soul_soil":4,"minecraft:oak_trapdoor":2,"minecraft:nether_wart":4,"minecraft:blaze_rod":6,"minecraft:stone_sword":1,"supplementaries:bomb":2,"minecraft:iron_boots":2,"minecraft:name_tag":2,"minecraft:lily_of_the_valley":2,"minecraft:blast_furnace":1,"minecraft:diamond_sword":1,"minecraft:hay_block":18,"minecraft:spruce_boat":2,"minecraft:shield":12,"minecraft:diamond_chestplate":2,"minecraft:spruce_planks":36,"minecraft:diamond_pickaxe":2,"minecraft:iron_chestplate":2,"minecraft:andesite":32,"minecraft:oak_boat":1,"minecraft:oak_sapling":78,"minecraft:spider_eye":9,"minecraft:stone_bricks":9,"minecraft:brown_carpet":7,"minecraft:diamond_boots":1,"minecraft:bow":4,"minecraft:stone_pickaxe":1,"minecraft:magma_cream":10,"supplementaries:flute":1}},"DataVersion":2586}