{"stats":{"minecraft:killed_by":{"minecraft:creeper":1},"minecraft:used":{"minecraft:spruce_boat":1,"minecraft:stone_sword":40,"minecraft:grass_block":1,"minecraft:stone_pickaxe":3,"minecraft:wooden_pickaxe":22,"minecraft:stone_axe":40,"minecraft:dirt":17,"minecraft:crafting_table":7,"minecraft:furnace":1,"minecraft:cooked_porkchop":2},"minecraft:crafted":{"minecraft:oak_planks":164,"minecraft:cooked_porkchop":2,"minecraft:crafting_table":1,"minecraft:spruce_planks":124,"minecraft:stick":16,"minecraft:wooden_pickaxe":1,"minecraft:stone_pickaxe":1,"minecraft:stone_sword":1,"minecraft:chest":1,"minecraft:furnace":1,"minecraft:white_bed":1,"minecraft:spruce_boat":1,"minecraft:stone_axe":1,"minecraft:air":0},"minecraft:picked_up":{"minecraft:stick":15,"minecraft:crafting_table":7,"minecraft:leather":5,"minecraft:porkchop":17,"minecraft:oak_log":41,"minecraft:spruce_sapling":3,"minecraft:grass_block":1,"minecraft:spruce_log":28,"minecraft:dirt":4,"minecraft:spruce_boat":1,"minecraft:beef":11,"minecraft:oak_sapling":14,"minecraft:sugar_cane":16,"minecraft:mutton":3,"minecraft:white_wool":3,"minecraft:furnace":1,"minecraft:cobblestone":18,"minecraft:ender_pearl":1},"minecraft:mined":{"minecraft:large_fern":1,"minecraft:furnace":1,"minecraft:spruce_log":5,"minecraft:crafting_table":7,"minecraft:grass":3,"minecraft:grass_block":1,"minecraft:oak_log":5,"minecraft:dirt":3,"minecraft:tall_grass":1,"minecraft:spruce_leaves":7,"minecraft:stone":18,"minecraft:sugar_cane":8},"minecraft:dropped":{"minecraft:stone_axe":1,"minecraft:mutton":3,"minecraft:oak_sapling":14,"minecraft:leather":1,"minecraft:beef":11,"minecraft:spruce_sapling":4},"minecraft:killed":{"minecraft:sheep":3,"minecraft:pig":10,"minecraft:cow":6,"minecraft:enderman":1},"minecraft:custom":{"minecraft:time_since_rest":9568,"minecraft:interact_with_furnace":3,"minecraft:sprint_one_cm":46925,"minecraft:damage_taken":490,"minecraft:walk_one_cm":31144,"minecraft:mob_kills":20,"minecraft:drop":7,"minecraft:damage_dealt":2230,"minecraft:swim_one_cm":1322,"minecraft:interact_with_crafting_table":7,"minecraft:fly_one_cm":53076,"minecraft:crouch_one_cm":1968,"minecraft:play_one_minute":29873,"minecraft:deaths":2,"minecraft:walk_under_water_one_cm":90,"minecraft:sneak_time":798,"minecraft:jump":255,"minecraft:walk_on_water_one_cm":989,"minecraft:time_since_death":9753,"minecraft:fall_one_cm":4828}},"DataVersion":2586}