{"stats":{"minecraft:broken":{"minecraft:iron_axe":1,"minecraft:iron_pickaxe":5},"minecraft:killed_by":{"minecraft:creeper":2,"minecraft:skeleton":1,"minecraft:zombie":2},"minecraft:used":{"minecraft:oak_fence":8,"minecraft:stone_sword":120,"minecraft:iron_shovel":61,"minecraft:spruce_slab":1,"minecraft:spruce_planks":42,"minecraft:chest":1,"minecraft:white_terracotta":1,"minecraft:iron_sword":101,"minecraft:stone_hoe":87,"minecraft:torch":70,"minecraft:brewing_stand":1,"minecraft:dirt":17,"minecraft:spruce_boat":9,"minecraft:lantern":1,"minecraft:grass_block":1,"minecraft:iron_axe":328,"minecraft:beef":2,"minecraft:furnace":3,"minecraft:water_bucket":4,"minecraft:glass_bottle":3,"minecraft:oak_planks":23,"minecraft:stone_pickaxe":13,"minecraft:wooden_pickaxe":22,"minecraft:sugar_cane":19,"minecraft:crafting_table":29,"minecraft:blast_furnace":1,"minecraft:smoker":1,"minecraft:diamond_pickaxe":156,"minecraft:bread":41,"minecraft:iron_pickaxe":1490,"minecraft:lectern":246,"minecraft:stone_axe":73,"minecraft:cobblestone":491,"minecraft:porkchop":19,"minecraft:cooked_porkchop":8,"minecraft:bucket":5},"minecraft:crafted":{"minecraft:oak_planks":164,"minecraft:furnace":1,"minecraft:bookshelf":5,"minecraft:glass":4,"minecraft:iron_axe":2,"minecraft:spruce_slab":12,"minecraft:stone_pickaxe":1,"minecraft:chest":1,"minecraft:spruce_boat":3,"minecraft:stone_hoe":1,"minecraft:oak_fence":12,"minecraft:smoker":1,"minecraft:wheat":352,"sophisticatedbackpacks:iron_backpack":1,"minecraft:glass_bottle":3,"minecraft:oak_slab":12,"minecraft:emerald":1,"sophisticatedbackpacks:backpack":1,"minecraft:cooked_porkchop":18,"minecraft:crafting_table":2,"minecraft:spruce_planks":124,"minecraft:wooden_pickaxe":1,"minecraft:iron_sword":1,"minecraft:bucket":1,"minecraft:stone_axe":2,"minecraft:bread":137,"minecraft:air":0,"minecraft:lectern":5,"minecraft:paper":27,"minecraft:diamond_pickaxe":1,"minecraft:stick":40,"minecraft:iron_ingot":18,"minecraft:iron_pickaxe":5,"minecraft:stone_sword":1,"minecraft:iron_shovel":1,"minecraft:white_bed":1,"minecraft:torch":104},"minecraft:picked_up":{"sophisticatedbackpacks:gold_backpack":1,"minecraft:crafting_table":28,"minecraft:wheat":79,"minecraft:azure_bluet":4,"minecraft:enchanted_book":2,"minecraft:brewing_stand":1,"minecraft:dark_oak_trapdoor":1,"paraglider:goddess_statue":1,"minecraft:string":12,"minecraft:gold_nugget":3,"minecraft:smooth_stone":2,"minecraft:spruce_planks":15,"minecraft:beef":14,"minecraft:iron_pickaxe":1,"minecraft:spruce_slab":1,"minecraft:lectern":245,"minecraft:sugar_cane":61,"minecraft:chest":1,"minecraft:furnace":4,"minecraft:stick":24,"minecraft:oak_fence":4,"minecraft:torch":23,"minecraft:porkchop":54,"tombstone:grave_dust":4,"minecraft:diorite":61,"minecraft:redstone":62,"minecraft:arrow":5,"minecraft:rotten_flesh":10,"minecraft:hay_block":60,"minecraft:iron_block":2,"minecraft:white_terracotta":1,"minecraft:mutton":3,"minecraft:cobblestone":957,"minecraft:white_wool":3,"minecraft:andesite":78,"minecraft:leather":11,"minecraft:smoker":1,"minecraft:oak_log":87,"minecraft:dirt":92,"minecraft:lantern":1,"minecraft:name_tag":1,"minecraft:bone":10,"minecraft:apple":2,"minecraft:stone_bricks":5,"minecraft:wheat_seeds":96,"minecraft:iron_ingot":72,"minecraft:iron_ore":25,"minecraft:oak_planks":53,"minecraft:book":71,"minecraft:gravel":33,"minecraft:sand":15,"minecraft:spruce_sapling":3,"minecraft:blast_furnace":2,"minecraft:white_bed":1,"minecraft:grass_block":1,"minecraft:spruce_log":28,"minecraft:gold_ore":6,"minecraft:spider_eye":2,"minecraft:diamond":3,"minecraft:spruce_boat":10,"minecraft:chainmail_leggings":3,"minecraft:granite":28,"minecraft:emerald":1,"minecraft:oak_sapling":19,"minecraft:coal":51,"minecraft:sunflower":1,"minecraft:ender_pearl":1},"minecraft:mined":{"minecraft:spruce_planks":15,"minecraft:white_bed":1,"minecraft:spruce_trapdoor":1,"minecraft:granite":30,"minecraft:grass_block":36,"minecraft:spruce_fence":1,"minecraft:spruce_leaves":7,"minecraft:large_fern":1,"minecraft:hay_block":42,"minecraft:redstone_ore":15,"minecraft:furnace":3,"minecraft:dark_oak_trapdoor":1,"minecraft:iron_ore":22,"minecraft:andesite":101,"minecraft:bookshelf":2,"minecraft:oak_stairs":1,"minecraft:stone":1191,"minecraft:iron_block":2,"minecraft:spruce_slab":1,"supplementaries:book_pile_horizontal":1,"minecraft:acacia_leaves":1,"minecraft:glass_pane":1,"minecraft:smoker":1,"minecraft:oak_fence":4,"minecraft:crafting_table":28,"minecraft:torch":14,"minecraft:blast_furnace":2,"minecraft:chest":1,"minecraft:lectern":243,"minecraft:campfire":1,"minecraft:tall_grass":10,"minecraft:cobblestone":84,"minecraft:sugar_cane":33,"minecraft:oak_planks":21,"minecraft:diorite":94,"minecraft:wall_torch":10,"minecraft:white_terracotta":1,"minecraft:wheat":44,"minecraft:spruce_log":5,"minecraft:grass_path":6,"minecraft:grass":53,"minecraft:oak_log":8,"minecraft:coal_ore":42,"minecraft:sand":16,"minecraft:sunflower":1,"minecraft:gravel":20,"minecraft:dirt":49,"minecraft:stone_bricks":3,"minecraft:gold_ore":6,"minecraft:oak_leaves":1,"paraglider:goddess_statue":1},"minecraft:dropped":{"minecraft:stone_hoe":1,"sophisticatedbackpacks:iron_backpack":1,"minecraft:enchanted_book":2,"minecraft:bread":16,"minecraft:iron_sword":1,"minecraft:porkchop":17,"minecraft:wheat_seeds":96,"minecraft:cooked_porkchop":10,"minecraft:oak_fence":8,"minecraft:cobblestone":97,"minecraft:leather":6,"minecraft:granite":28,"minecraft:dirt":24,"minecraft:diorite":38,"minecraft:mutton":3,"minecraft:dark_oak_trapdoor":1,"tombstone:grave_dust":3,"minecraft:sunflower":1,"minecraft:smooth_stone":2,"minecraft:iron_pickaxe":1,"minecraft:paper":1,"minecraft:chainmail_leggings":2,"minecraft:string":5,"minecraft:spruce_sapling":4,"minecraft:bone":8,"minecraft:gravel":33,"minecraft:furnace":1,"minecraft:stone_axe":2,"minecraft:sugar_cane":15,"minecraft:stone_sword":1,"minecraft:wheat":19,"tombstone:gift":3,"minecraft:rotten_flesh":10,"minecraft:oak_planks":79,"minecraft:name_tag":2,"minecraft:azure_bluet":4,"minecraft:white_bed":1,"minecraft:blast_furnace":1,"minecraft:hay_block":18,"minecraft:spruce_boat":2,"minecraft:spruce_planks":35,"minecraft:andesite":2,"minecraft:oak_sapling":19,"minecraft:spider_eye":1,"minecraft:stone_bricks":5,"minecraft:glass":1,"minecraft:iron_ore":2,"minecraft:arrow":5,"minecraft:beef":12,"minecraft:stone_pickaxe":1,"minecraft:lectern":2},"minecraft:killed":{"minecraft:spider":8,"minecraft:skeleton":7,"minecraft:pig":26,"minecraft:sheep":3,"minecraft:zombie":8,"minecraft:villager":1,"minecraft:enderman":1,"minecraft:cow":9},"minecraft:custom":{"minecraft:mob_kills":67,"minecraft:interact_with_crafting_table":47,"minecraft:open_barrel":1,"minecraft:time_since_death":79020,"minecraft:climb_one_cm":1070,"minecraft:sprint_one_cm":435530,"minecraft:walk_one_cm":494935,"minecraft:drop":93,"minecraft:talked_to_villager":302,"minecraft:deaths":6,"minecraft:sneak_time":2686,"minecraft:walk_under_water_one_cm":1390,"minecraft:boat_one_cm":253625,"minecraft:interact_with_brewingstand":2,"minecraft:jump":2088,"minecraft:interact_with_blast_furnace":1,"minecraft:walk_on_water_one_cm":12934,"minecraft:interact_with_furnace":6,"minecraft:traded_with_villager":1,"minecraft:play_one_minute":191873,"minecraft:sleep_in_bed":1,"minecraft:time_since_rest":65280,"minecraft:damage_taken":4117,"minecraft:damage_dealt":9484,"minecraft:swim_one_cm":17525,"minecraft:fly_one_cm":476735,"minecraft:open_chest":23,"minecraft:crouch_one_cm":7339,"tombstone:undead_killed":15,"tombstone:villager_killed":1,"minecraft:interact_with_smoker":8,"minecraft:fall_one_cm":48116}},"DataVersion":2586}