{"stats":{"minecraft:broken":{"minecraft:iron_boots":2,"minecraft:iron_leggings":2,"minecraft:iron_sword":1,"minecraft:iron_axe":3,"minecraft:iron_pickaxe":5,"minecraft:iron_helmet":2},"minecraft:killed":{"minecraft:cave_spider":2,"minecraft:zombified_piglin":1,"minecraft:witch":2,"minecraft:spider":33,"minecraft:skeleton":25,"minecraft:piglin":4,"minecraft:pig":27,"minecraft:creeper":6,"minecraft:sheep":4,"minecraft:pillager":9,"minecraft:zombie":31,"minecraft:cow":9,"minecraft:blaze":8,"minecraft:vindicator":1,"minecraft:drowned":1,"minecraft:ravager":1,"minecraft:wither_skeleton":2,"minecraft:villager":4,"minecraft:enderman":1},"minecraft:used":{"minecraft:iron_shovel":530,"minecraft:spruce_slab":1,"minecraft:chest":1,"minecraft:white_terracotta":1,"minecraft:shield":48,"minecraft:iron_sword":264,"minecraft:bell":1,"minecraft:rotten_flesh":2,"paraglider:goddess_statue":2,"minecraft:nether_bricks":2,"minecraft:obsidian":13,"minecraft:spruce_boat":9,"minecraft:lantern":1,"minecraft:grass_block":1,"minecraft:oak_sapling":1,"minecraft:furnace":5,"minecraft:oak_planks":395,"minecraft:stone_pickaxe":13,"minecraft:wooden_pickaxe":22,"minecraft:sugar_cane":185,"minecraft:diamond_axe":184,"tombstone:dust_of_vanishing":1,"minecraft:blast_furnace":10,"minecraft:stone_brick_wall":1,"minecraft:bread":248,"minecraft:lectern":282,"minecraft:gravel":10,"minecraft:diamond_sword":174,"minecraft:smithing_table":1,"minecraft:oak_boat":27,"minecraft:oak_fence":8,"minecraft:enchanting_table":1,"minecraft:stone_sword":120,"minecraft:flint_and_steel":2,"minecraft:spruce_planks":42,"minecraft:stone_hoe":87,"minecraft:netherrack":37,"minecraft:oak_door":2,"minecraft:torch":146,"minecraft:brewing_stand":3,"minecraft:dirt":635,"minecraft:granite":1,"minecraft:chipped_anvil":2,"minecraft:bookshelf":31,"minecraft:iron_axe":658,"minecraft:beef":2,"minecraft:cooked_mutton":6,"minecraft:water_bucket":46,"minecraft:glass_bottle":30,"minecraft:crafting_table":41,"minecraft:white_bed":21,"minecraft:smoker":1,"minecraft:diamond_pickaxe":2804,"minecraft:oxeye_daisy":1,"minecraft:iron_pickaxe":1557,"minecraft:stone_axe":73,"minecraft:cobblestone":1211,"minecraft:porkchop":19,"minecraft:cooked_porkchop":13,"minecraft:bucket":48,"minecraft:splash_potion":14},"minecraft:killed_by":{"minecraft:piglin_brute":1,"minecraft:wither_skeleton":3,"minecraft:creeper":5,"minecraft:vindicator":1,"minecraft:piglin":3,"minecraft:cave_spider":1,"minecraft:blaze":3,"minecraft:zombie":5,"minecraft:spider":2,"minecraft:skeleton":1},"minecraft:dropped":{"sophisticatedbackpacks:iron_backpack":3,"minecraft:iron_sword":2,"minecraft:porkchop":17,"minecraft:lapis_lazuli":3,"minecraft:diamond":3,"minecraft:cooked_porkchop":10,"minecraft:lantern":2,"minecraft:leather":6,"minecraft:flint":1,"paraglider:spirit_orb":4,"sophisticatedbackpacks:gold_backpack":1,"minecraft:emerald":14,"minecraft:dirt":44,"minecraft:netherite_scrap":1,"minecraft:mutton":3,"minecraft:dark_oak_trapdoor":1,"minecraft:sunflower":1,"minecraft:iron_pickaxe":3,"minecraft:birch_log":12,"minecraft:white_wool":5,"minecraft:bone":19,"minecraft:gold_ingot":8,"minecraft:oak_door":7,"minecraft:gravel":90,"minecraft:stone_axe":2,"minecraft:sugar_cane":15,"minecraft:iron_nugget":4,"minecraft:birch_sapling":3,"minecraft:wheat":19,"minecraft:obsidian":2,"tombstone:gift":3,"minecraft:rotten_flesh":17,"minecraft:oak_planks":85,"minecraft:azure_bluet":4,"minecraft:white_bed":1,"minecraft:poppy":1,"minecraft:gunpowder":2,"minecraft:stone_brick_wall":2,"minecraft:chainmail_boots":1,"minecraft:iron_ore":4,"minecraft:arrow":25,"minecraft:glass":1,"minecraft:beef":12,"minecraft:netherrack":7,"minecraft:lectern":2,"minecraft:egg":3,"minecraft:stone_hoe":1,"minecraft:enchanted_book":6,"minecraft:bread":333,"minecraft:wheat_seeds":305,"minecraft:smithing_table":1,"minecraft:diamond_leggings":2,"minecraft:oak_fence":8,"minecraft:iron_helmet":8,"minecraft:cobblestone":237,"minecraft:granite":32,"minecraft:stick":8,"minecraft:diorite":95,"minecraft:diamond_helmet":2,"tombstone:grave_dust":10,"minecraft:iron_leggings":1,"minecraft:white_banner":2,"minecraft:iron_axe":1,"minecraft:smooth_stone":2,"minecraft:chainmail_leggings":3,"minecraft:iron_shovel":1,"minecraft:paper":385,"minecraft:string":39,"minecraft:spruce_sapling":5,"minecraft:dandelion":12,"minecraft:furnace":1,"minecraft:soul_soil":4,"minecraft:oak_trapdoor":2,"minecraft:stone_sword":1,"minecraft:nether_wart":4,"minecraft:blaze_rod":6,"supplementaries:copper_lantern":1,"supplementaries:bomb":2,"minecraft:iron_boots":2,"minecraft:name_tag":2,"minecraft:lily_of_the_valley":2,"minecraft:blast_furnace":1,"minecraft:diamond_sword":1,"minecraft:hay_block":18,"minecraft:spruce_boat":2,"minecraft:shield":12,"minecraft:diamond_chestplate":3,"minecraft:spruce_planks":36,"minecraft:iron_chestplate":2,"minecraft:diamond_pickaxe":2,"minecraft:andesite":160,"minecraft:oak_boat":1,"minecraft:oak_sapling":78,"minecraft:spider_eye":9,"minecraft:stone_bricks":9,"minecraft:brown_carpet":7,"minecraft:diamond_boots":2,"minecraft:bow":4,"minecraft:stone_pickaxe":1,"minecraft:magma_cream":10,"supplementaries:flute":1},"minecraft:crafted":{"minecraft:oak_planks":812,"minecraft:blaze_powder":24,"minecraft:bookshelf":41,"minecraft:glass":33,"minecraft:diamond_helmet":3,"minecraft:diamond_leggings":3,"minecraft:chest":1,"minecraft:stone_hoe":1,"minecraft:oak_fence":12,"minecraft:name_tag":3,"minecraft:smoker":1,"minecraft:glass_bottle":30,"minecraft:oak_slab":12,"sophisticatedbackpacks:backpack":1,"minecraft:emerald":81,"minecraft:cooked_porkchop":18,"minecraft:diamond_axe":1,"minecraft:crafting_table":3,"minecraft:spruce_planks":124,"minecraft:wooden_pickaxe":1,"minecraft:iron_helmet":9,"minecraft:smithing_table":1,"minecraft:lectern":5,"minecraft:paper":198,"minecraft:diamond_pickaxe":1,"minecraft:shield":14,"minecraft:stick":84,"minecraft:iron_ingot":27,"minecraft:iron_pickaxe":8,"minecraft:stone_sword":1,"minecraft:gold_ingot":184,"minecraft:oak_door":3,"minecraft:coal":279,"minecraft:furnace":1,"minecraft:flint_and_steel":1,"minecraft:iron_axe":3,"minecraft:spruce_slab":12,"minecraft:stone_pickaxe":1,"minecraft:diamond_boots":3,"minecraft:spruce_boat":3,"minecraft:wheat":379,"sophisticatedbackpacks:iron_backpack":1,"minecraft:sugar":48,"minecraft:diamond_sword":1,"minecraft:enchanting_table":1,"minecraft:iron_sword":1,"minecraft:bell":1,"minecraft:bucket":2,"minecraft:stone_axe":2,"minecraft:enchanted_book":14,"minecraft:bread":193,"minecraft:air":0,"minecraft:oak_boat":5,"minecraft:golden_apple":16,"minecraft:fermented_spider_eye":8,"minecraft:iron_shovel":3,"minecraft:white_bed":1,"minecraft:torch":188,"minecraft:diamond_chestplate":5},"minecraft:custom":{"minecraft:interact_with_crafting_table":113,"minecraft:open_barrel":2,"minecraft:bell_ring":26,"minecraft:leave_game":12,"minecraft:time_since_death":1436,"minecraft:sprint_one_cm":1616030,"minecraft:damage_blocked_by_shield":3460,"minecraft:drop":290,"minecraft:talked_to_villager":502,"minecraft:deaths":30,"minecraft:jump":7906,"minecraft:interact_with_brewingstand":44,"minecraft:walk_on_water_one_cm":72859,"minecraft:interact_with_furnace":26,"minecraft:traded_with_villager":135,"minecraft:play_one_minute":744387,"minecraft:sleep_in_bed":10,"minecraft:damage_dealt":32392,"minecraft:crouch_one_cm":57996,"tombstone:undead_killed":60,"tombstone:villager_killed":4,"minecraft:interact_with_smoker":8,"minecraft:interact_with_smithing_table":2,"minecraft:interact_with_anvil":22,"minecraft:mob_kills":180,"tombstone:use_vanishing":1,"minecraft:climb_one_cm":5058,"minecraft:walk_one_cm":1697504,"minecraft:sneak_time":20627,"minecraft:walk_under_water_one_cm":18408,"minecraft:boat_one_cm":1147539,"minecraft:interact_with_blast_furnace":8,"tombstone:raider_killed":13,"minecraft:time_since_rest":1178,"minecraft:damage_taken":20704,"minecraft:swim_one_cm":62132,"minecraft:fly_one_cm":1619815,"minecraft:open_chest":31,"minecraft:fall_one_cm":184985},"minecraft:mined":{"minecraft:spruce_planks":15,"minecraft:white_bed":22,"minecraft:oak_sapling":3,"minecraft:brewing_stand":3,"minecraft:spruce_trapdoor":1,"minecraft:obsidian":22,"minecraft:granite":119,"minecraft:stone_brick_wall":3,"minecraft:grass_block":327,"minecraft:oak_pressure_plate":2,"minecraft:coal_block":32,"minecraft:nether_wart":1,"minecraft:spawner":2,"minecraft:glowstone":7,"minecraft:dark_oak_trapdoor":6,"minecraft:iron_ore":37,"minecraft:fire":6,"minecraft:azure_bluet":1,"minecraft:oak_stairs":3,"minecraft:iron_block":3,"minecraft:spruce_slab":1,"minecraft:brown_mushroom":10,"minecraft:smoker":2,"minecraft:soul_fire":4,"minecraft:torch":21,"minecraft:blast_furnace":13,"minecraft:poppy":2,"minecraft:chest":2,"minecraft:cobblestone":433,"minecraft:oak_planks":138,"minecraft:sugar_cane":355,"minecraft:wall_torch":15,"minecraft:birch_sapling":1,"minecraft:white_terracotta":1,"minecraft:wheat":219,"minecraft:grass":187,"minecraft:oak_log":14,"minecraft:sand":55,"minecraft:dirt":264,"minecraft:netherrack":50,"minecraft:oak_leaves":76,"minecraft:nether_gold_ore":205,"minecraft:diamond_ore":17,"minecraft:oak_door":6,"minecraft:nether_bricks":2,"minecraft:stone_button":1,"minecraft:spruce_fence":1,"minecraft:spruce_leaves":7,"supplementaries:copper_lantern":1,"minecraft:large_fern":1,"minecraft:hay_block":47,"minecraft:redstone_ore":29,"minecraft:oak_trapdoor":2,"minecraft:furnace":5,"minecraft:andesite":235,"minecraft:peony":31,"minecraft:bell":1,"minecraft:nether_brick_fence":1,"minecraft:bookshelf":13,"minecraft:stone":2549,"minecraft:smithing_table":2,"supplementaries:book_pile_horizontal":1,"minecraft:oak_slab":1,"minecraft:acacia_leaves":1,"minecraft:glass_pane":1,"minecraft:comparator":1,"minecraft:lily_of_the_valley":1,"minecraft:brown_carpet":7,"minecraft:dandelion":4,"minecraft:oak_fence":9,"minecraft:crafting_table":41,"minecraft:cornflower":5,"minecraft:emerald_ore":1,"minecraft:rose_bush":29,"minecraft:campfire":1,"minecraft:lectern":280,"minecraft:tall_grass":42,"minecraft:lapis_ore":17,"minecraft:diorite":230,"minecraft:beehive":1,"minecraft:spruce_log":5,"minecraft:birch_leaves":4,"minecraft:grass_path":60,"minecraft:coal_ore":80,"minecraft:sunflower":76,"minecraft:gravel":71,"minecraft:cobweb":50,"minecraft:stone_bricks":11,"minecraft:gold_ore":16,"minecraft:chipped_anvil":2,"minecraft:infested_stone":5,"paraglider:goddess_statue":3},"minecraft:picked_up":{"minecraft:iron_chestplate":1,"minecraft:wheat":220,"minecraft:chainmail_boots":1,"minecraft:smithing_table":2,"minecraft:diamond_sword":1,"minecraft:potion":3,"minecraft:enchanted_book":2,"minecraft:brewing_stand":4,"paraglider:goddess_statue":3,"minecraft:string":59,"minecraft:dark_oak_trapdoor":1,"minecraft:soul_soil":8,"minecraft:iron_leggings":1,"minecraft:gold_nugget":1663,"minecraft:smooth_stone":2,"minecraft:comparator":1,"minecraft:spruce_planks":15,"minecraft:rose_bush":19,"minecraft:iron_pickaxe":2,"minecraft:coal_block":31,"minecraft:iron_boots":2,"minecraft:furnace":6,"minecraft:stick":117,"minecraft:oak_fence":8,"minecraft:torch":58,"minecraft:porkchop":54,"tombstone:grave_dust":14,"minecraft:diorite":182,"minecraft:brown_carpet":7,"minecraft:rotten_flesh":28,"minecraft:iron_block":3,"minecraft:white_terracotta":1,"minecraft:blaze_rod":12,"minecraft:obsidian":19,"minecraft:blaze_powder":66,"minecraft:cobblestone":1733,"minecraft:birch_log":54,"minecraft:magma_cream":10,"minecraft:andesite":236,"minecraft:smoker":2,"paraglider:spirit_orb":4,"minecraft:flint":28,"supplementaries:flute":1,"minecraft:lapis_lazuli":116,"minecraft:dirt":703,"minecraft:lantern":5,"minecraft:name_tag":1,"minecraft:glass":2,"minecraft:bone":34,"minecraft:chipped_anvil":2,"minecraft:bow":4,"minecraft:wheat_seeds":316,"minecraft:bell":1,"minecraft:glowstone_dust":21,"minecraft:oak_planks":357,"minecraft:cooked_porkchop":5,"minecraft:oak_pressure_plate":2,"minecraft:sand":54,"sophisticatedbackpacks:iron_backpack":1,"minecraft:ink_sac":2,"minecraft:grass_block":1,"minecraft:lily_of_the_valley":2,"mining_helmet:mining_helmet":2,"minecraft:sugar":38,"minecraft:diamond":81,"minecraft:spruce_boat":10,"minecraft:granite":97,"minecraft:golden_apple":2,"supplementaries:copper_lantern":1,"minecraft:emerald":45,"minecraft:bread":390,"minecraft:oak_sapling":123,"minecraft:netherrack":45,"minecraft:diamond_pickaxe":2,"sophisticatedbackpacks:gold_backpack":2,"minecraft:crafting_table":40,"tombstone:dust_of_vanishing":1,"minecraft:azure_bluet":5,"minecraft:nether_wart":4,"minecraft:brown_mushroom":11,"minecraft:stone_brick_wall":3,"minecraft:cornflower":8,"minecraft:oak_trapdoor":2,"minecraft:iron_axe":1,"minecraft:netherite_scrap":1,"minecraft:beef":14,"minecraft:oak_boat":30,"minecraft:iron_nugget":2,"minecraft:poppy":1,"minecraft:spruce_slab":1,"minecraft:lectern":282,"minecraft:sugar_cane":448,"minecraft:chest":1,"minecraft:birch_sapling":12,"minecraft:egg":3,"minecraft:oak_door":6,"minecraft:spruce_fence":1,"minecraft:stone_button":1,"minecraft:redstone":91,"minecraft:arrow":37,"minecraft:diamond_chestplate":1,"minecraft:peony":1,"minecraft:nether_bricks":2,"minecraft:hay_block":68,"minecraft:gold_ingot":18,"minecraft:mutton":5,"minecraft:white_wool":9,"minecraft:oxeye_daisy":1,"minecraft:leather":11,"minecraft:oak_log":490,"minecraft:gunpowder":11,"minecraft:paper":461,"minecraft:white_banner":2,"minecraft:cooked_mutton":6,"minecraft:apple":18,"minecraft:stone_bricks":13,"minecraft:iron_ingot":72,"minecraft:iron_ore":30,"minecraft:book":280,"minecraft:dandelion":15,"minecraft:gravel":104,"minecraft:spruce_sapling":3,"minecraft:blast_furnace":13,"minecraft:white_bed":25,"minecraft:spruce_log":28,"minecraft:gold_ore":15,"minecraft:spider_eye":19,"minecraft:chainmail_leggings":4,"minecraft:iron_helmet":2,"tombstone:magic_scroll":1,"minecraft:sunflower":83,"minecraft:coal":116,"minecraft:ender_pearl":1}},"DataVersion":2586}