{"stats":{"minecraft:broken":{"minecraft:iron_axe":1,"minecraft:iron_pickaxe":5},"minecraft:killed_by":{"minecraft:creeper":2,"minecraft:spider":1,"minecraft:skeleton":1,"minecraft:zombie":2},"minecraft:used":{"minecraft:oak_fence":8,"minecraft:stone_sword":120,"minecraft:iron_shovel":61,"minecraft:spruce_slab":1,"minecraft:spruce_planks":42,"minecraft:chest":1,"minecraft:white_terracotta":1,"minecraft:iron_sword":156,"minecraft:stone_hoe":87,"minecraft:torch":72,"minecraft:brewing_stand":1,"minecraft:dirt":83,"minecraft:spruce_boat":9,"minecraft:lantern":1,"minecraft:grass_block":1,"minecraft:iron_axe":329,"minecraft:beef":2,"minecraft:furnace":3,"minecraft:water_bucket":6,"minecraft:glass_bottle":3,"minecraft:oak_planks":25,"minecraft:stone_pickaxe":13,"minecraft:wooden_pickaxe":22,"minecraft:sugar_cane":19,"minecraft:crafting_table":30,"minecraft:blast_furnace":1,"minecraft:white_bed":1,"minecraft:smoker":1,"minecraft:diamond_pickaxe":196,"minecraft:bread":55,"minecraft:iron_pickaxe":1533,"minecraft:lectern":246,"minecraft:stone_axe":73,"minecraft:cobblestone":492,"minecraft:porkchop":19,"minecraft:cooked_porkchop":8,"minecraft:bucket":7},"minecraft:crafted":{"minecraft:oak_planks":164,"minecraft:furnace":1,"minecraft:bookshelf":5,"minecraft:glass":4,"minecraft:iron_axe":2,"minecraft:spruce_slab":12,"minecraft:stone_pickaxe":1,"minecraft:chest":1,"minecraft:spruce_boat":3,"minecraft:stone_hoe":1,"minecraft:oak_fence":12,"minecraft:smoker":1,"minecraft:wheat":352,"sophisticatedbackpacks:iron_backpack":1,"minecraft:glass_bottle":3,"minecraft:oak_slab":12,"minecraft:emerald":1,"sophisticatedbackpacks:backpack":1,"minecraft:cooked_porkchop":18,"minecraft:crafting_table":2,"minecraft:spruce_planks":124,"minecraft:wooden_pickaxe":1,"minecraft:iron_sword":1,"minecraft:bucket":1,"minecraft:stone_axe":2,"minecraft:bread":137,"minecraft:air":0,"minecraft:lectern":5,"minecraft:paper":27,"minecraft:diamond_pickaxe":1,"minecraft:stick":64,"minecraft:iron_ingot":18,"minecraft:iron_pickaxe":8,"minecraft:stone_sword":1,"minecraft:iron_shovel":1,"minecraft:white_bed":1,"minecraft:torch":144},"minecraft:picked_up":{"sophisticatedbackpacks:gold_backpack":1,"minecraft:crafting_table":29,"minecraft:wheat":79,"minecraft:azure_bluet":4,"minecraft:enchanted_book":2,"minecraft:brewing_stand":1,"minecraft:dark_oak_trapdoor":1,"paraglider:goddess_statue":1,"minecraft:string":13,"minecraft:gold_nugget":3,"minecraft:smooth_stone":2,"minecraft:spruce_planks":15,"minecraft:beef":14,"minecraft:iron_pickaxe":1,"minecraft:spruce_slab":1,"minecraft:lectern":245,"minecraft:sugar_cane":61,"minecraft:chest":1,"minecraft:furnace":4,"minecraft:stick":24,"minecraft:oak_fence":4,"minecraft:torch":23,"minecraft:porkchop":54,"tombstone:grave_dust":5,"minecraft:diorite":64,"minecraft:redstone":71,"minecraft:arrow":7,"minecraft:rotten_flesh":13,"minecraft:hay_block":60,"minecraft:iron_block":2,"minecraft:white_terracotta":1,"minecraft:mutton":3,"minecraft:cobblestone":1006,"minecraft:white_wool":3,"minecraft:andesite":96,"minecraft:leather":11,"minecraft:smoker":1,"minecraft:oak_log":87,"minecraft:dirt":122,"minecraft:lantern":1,"minecraft:name_tag":1,"minecraft:bone":11,"minecraft:apple":2,"minecraft:stone_bricks":5,"minecraft:wheat_seeds":98,"minecraft:iron_ingot":72,"minecraft:iron_ore":25,"minecraft:oak_planks":111,"minecraft:book":71,"minecraft:gravel":33,"minecraft:sand":15,"minecraft:spruce_sapling":3,"minecraft:blast_furnace":2,"minecraft:white_bed":2,"minecraft:grass_block":1,"minecraft:spruce_log":28,"minecraft:gold_ore":6,"minecraft:spider_eye":4,"minecraft:diamond":3,"minecraft:spruce_boat":10,"minecraft:chainmail_leggings":3,"minecraft:granite":32,"minecraft:emerald":1,"minecraft:oak_sapling":19,"minecraft:coal":54,"minecraft:sunflower":1,"minecraft:ender_pearl":1},"minecraft:mined":{"minecraft:spruce_planks":15,"minecraft:white_bed":1,"minecraft:spruce_trapdoor":1,"minecraft:granite":34,"minecraft:grass_block":36,"minecraft:spruce_fence":1,"minecraft:spruce_leaves":7,"minecraft:large_fern":1,"minecraft:hay_block":42,"minecraft:redstone_ore":17,"minecraft:furnace":3,"minecraft:dark_oak_trapdoor":1,"minecraft:iron_ore":22,"minecraft:andesite":119,"minecraft:bookshelf":2,"minecraft:oak_stairs":1,"minecraft:stone":1239,"minecraft:iron_block":2,"minecraft:spruce_slab":1,"supplementaries:book_pile_horizontal":1,"minecraft:acacia_leaves":1,"minecraft:glass_pane":1,"minecraft:smoker":1,"minecraft:oak_fence":4,"minecraft:crafting_table":29,"minecraft:torch":14,"minecraft:blast_furnace":2,"minecraft:chest":1,"minecraft:lectern":243,"minecraft:campfire":1,"minecraft:tall_grass":13,"minecraft:cobblestone":86,"minecraft:sugar_cane":35,"minecraft:oak_planks":21,"minecraft:diorite":97,"minecraft:wall_torch":10,"minecraft:white_terracotta":1,"minecraft:wheat":44,"minecraft:spruce_log":5,"minecraft:grass_path":6,"minecraft:grass":58,"minecraft:oak_log":8,"minecraft:coal_ore":45,"minecraft:sand":16,"minecraft:sunflower":1,"minecraft:gravel":20,"minecraft:dirt":55,"minecraft:stone_bricks":3,"minecraft:gold_ore":6,"minecraft:oak_leaves":1,"paraglider:goddess_statue":1},"minecraft:dropped":{"minecraft:stone_hoe":1,"sophisticatedbackpacks:iron_backpack":1,"minecraft:enchanted_book":2,"minecraft:bread":16,"minecraft:iron_sword":1,"minecraft:porkchop":17,"minecraft:wheat_seeds":98,"minecraft:cooked_porkchop":10,"minecraft:oak_fence":8,"minecraft:cobblestone":97,"minecraft:leather":6,"minecraft:granite":28,"minecraft:dirt":36,"minecraft:diorite":38,"minecraft:mutton":3,"minecraft:dark_oak_trapdoor":1,"tombstone:grave_dust":4,"minecraft:sunflower":1,"minecraft:smooth_stone":2,"minecraft:iron_pickaxe":1,"minecraft:paper":1,"minecraft:chainmail_leggings":2,"minecraft:string":8,"minecraft:spruce_sapling":4,"minecraft:bone":9,"minecraft:gravel":33,"minecraft:furnace":1,"minecraft:stone_axe":2,"minecraft:sugar_cane":15,"minecraft:stone_sword":1,"minecraft:wheat":19,"tombstone:gift":3,"minecraft:rotten_flesh":13,"minecraft:oak_planks":79,"minecraft:name_tag":2,"minecraft:azure_bluet":4,"minecraft:white_bed":1,"minecraft:blast_furnace":1,"minecraft:hay_block":18,"minecraft:spruce_boat":2,"minecraft:spruce_planks":36,"minecraft:andesite":2,"minecraft:oak_sapling":19,"minecraft:spider_eye":4,"minecraft:stone_bricks":5,"minecraft:glass":1,"minecraft:iron_ore":2,"minecraft:arrow":5,"minecraft:beef":12,"minecraft:stone_pickaxe":1,"minecraft:lectern":2},"minecraft:killed":{"minecraft:spider":11,"minecraft:skeleton":9,"minecraft:pig":26,"minecraft:sheep":3,"minecraft:zombie":12,"minecraft:villager":1,"minecraft:enderman":1,"minecraft:cow":9},"minecraft:custom":{"minecraft:mob_kills":77,"minecraft:interact_with_crafting_table":48,"minecraft:open_barrel":1,"minecraft:time_since_death":8736,"minecraft:climb_one_cm":1070,"minecraft:sprint_one_cm":454070,"minecraft:walk_one_cm":524719,"minecraft:drop":104,"minecraft:talked_to_villager":302,"minecraft:deaths":7,"minecraft:sneak_time":2686,"minecraft:walk_under_water_one_cm":1579,"minecraft:boat_one_cm":253625,"minecraft:interact_with_brewingstand":2,"minecraft:jump":2245,"minecraft:interact_with_blast_furnace":1,"minecraft:walk_on_water_one_cm":17807,"minecraft:interact_with_furnace":6,"minecraft:traded_with_villager":1,"minecraft:play_one_minute":203873,"minecraft:sleep_in_bed":4,"minecraft:time_since_rest":8494,"minecraft:damage_taken":4984,"minecraft:damage_dealt":11583,"minecraft:swim_one_cm":19117,"minecraft:fly_one_cm":511302,"minecraft:open_chest":23,"minecraft:crouch_one_cm":7339,"tombstone:undead_killed":21,"tombstone:villager_killed":1,"minecraft:interact_with_smoker":8,"minecraft:fall_one_cm":50682}},"DataVersion":2586}