{"stats":{"minecraft:broken":{"minecraft:iron_pickaxe":5},"minecraft:killed_by":{"minecraft:creeper":2,"minecraft:skeleton":1,"minecraft:zombie":2},"minecraft:used":{"minecraft:stone_sword":120,"minecraft:spruce_slab":1,"minecraft:spruce_planks":37,"minecraft:chest":1,"minecraft:iron_sword":69,"minecraft:stone_hoe":87,"minecraft:torch":42,"minecraft:dirt":17,"minecraft:spruce_boat":7,"minecraft:lantern":1,"minecraft:grass_block":1,"minecraft:iron_axe":57,"minecraft:beef":2,"minecraft:furnace":1,"minecraft:water_bucket":1,"minecraft:stone_pickaxe":13,"minecraft:wooden_pickaxe":22,"minecraft:crafting_table":21,"minecraft:blast_furnace":1,"minecraft:smoker":1,"minecraft:diamond_pickaxe":105,"minecraft:bread":27,"minecraft:iron_pickaxe":1490,"minecraft:lectern":33,"minecraft:stone_axe":73,"minecraft:cobblestone":341,"minecraft:porkchop":19,"minecraft:cooked_porkchop":8,"minecraft:bucket":2},"minecraft:crafted":{"minecraft:oak_planks":164,"minecraft:furnace":1,"minecraft:bookshelf":2,"minecraft:iron_axe":1,"minecraft:spruce_slab":12,"minecraft:stone_pickaxe":1,"minecraft:chest":1,"minecraft:spruce_boat":3,"minecraft:stone_hoe":1,"minecraft:smoker":1,"minecraft:wheat":352,"sophisticatedbackpacks:iron_backpack":1,"sophisticatedbackpacks:backpack":1,"minecraft:cooked_porkchop":18,"minecraft:crafting_table":1,"minecraft:spruce_planks":124,"minecraft:wooden_pickaxe":1,"minecraft:iron_sword":1,"minecraft:bucket":1,"minecraft:stone_axe":2,"minecraft:bread":137,"minecraft:air":0,"minecraft:lectern":2,"minecraft:diamond_pickaxe":1,"minecraft:stick":16,"minecraft:iron_ingot":18,"minecraft:iron_pickaxe":5,"minecraft:stone_sword":1,"minecraft:white_bed":1,"minecraft:torch":44},"minecraft:picked_up":{"minecraft:crafting_table":21,"minecraft:wheat":79,"minecraft:enchanted_book":2,"minecraft:dark_oak_trapdoor":1,"paraglider:goddess_statue":1,"minecraft:string":6,"minecraft:gold_nugget":3,"minecraft:spruce_planks":10,"minecraft:beef":14,"minecraft:iron_pickaxe":1,"minecraft:spruce_slab":1,"minecraft:lectern":32,"minecraft:sugar_cane":16,"minecraft:chest":1,"minecraft:furnace":3,"minecraft:stick":22,"minecraft:torch":12,"minecraft:porkchop":54,"tombstone:grave_dust":1,"minecraft:diorite":61,"minecraft:redstone":62,"minecraft:arrow":1,"minecraft:rotten_flesh":10,"minecraft:hay_block":60,"minecraft:iron_block":2,"minecraft:white_terracotta":1,"minecraft:mutton":3,"minecraft:cobblestone":839,"minecraft:white_wool":3,"minecraft:andesite":78,"minecraft:leather":11,"minecraft:smoker":1,"minecraft:oak_log":87,"minecraft:dirt":49,"minecraft:lantern":1,"minecraft:bone":5,"minecraft:apple":2,"minecraft:stone_bricks":5,"minecraft:wheat_seeds":92,"minecraft:iron_ingot":8,"minecraft:iron_ore":22,"minecraft:oak_planks":36,"minecraft:book":7,"minecraft:gravel":33,"minecraft:spruce_sapling":3,"minecraft:blast_furnace":2,"minecraft:grass_block":1,"minecraft:spruce_log":28,"minecraft:gold_ore":6,"minecraft:spider_eye":1,"minecraft:diamond":3,"minecraft:spruce_boat":7,"minecraft:chainmail_leggings":3,"minecraft:granite":28,"minecraft:emerald":1,"minecraft:oak_sapling":19,"minecraft:coal":51,"minecraft:sunflower":1,"minecraft:ender_pearl":1},"minecraft:mined":{"minecraft:spruce_planks":10,"minecraft:spruce_trapdoor":1,"minecraft:granite":30,"minecraft:grass_block":6,"minecraft:spruce_fence":1,"minecraft:spruce_leaves":7,"minecraft:large_fern":1,"minecraft:hay_block":42,"minecraft:redstone_ore":15,"minecraft:furnace":2,"minecraft:dark_oak_trapdoor":1,"minecraft:iron_ore":22,"minecraft:andesite":101,"minecraft:bookshelf":2,"minecraft:oak_stairs":1,"minecraft:stone":1191,"minecraft:iron_block":2,"minecraft:spruce_slab":1,"supplementaries:book_pile_horizontal":1,"minecraft:acacia_leaves":1,"minecraft:glass_pane":1,"minecraft:smoker":1,"minecraft:oak_fence":1,"minecraft:crafting_table":21,"minecraft:torch":11,"minecraft:blast_furnace":2,"minecraft:chest":1,"minecraft:lectern":32,"minecraft:campfire":1,"minecraft:tall_grass":8,"minecraft:cobblestone":34,"minecraft:sugar_cane":8,"minecraft:oak_planks":4,"minecraft:diorite":94,"minecraft:white_terracotta":1,"minecraft:wheat":44,"minecraft:spruce_log":5,"minecraft:grass_path":3,"minecraft:grass":40,"minecraft:oak_log":6,"minecraft:coal_ore":42,"minecraft:sunflower":1,"minecraft:gravel":20,"minecraft:dirt":39,"minecraft:stone_bricks":3,"minecraft:gold_ore":6,"minecraft:oak_leaves":1,"paraglider:goddess_statue":1},"minecraft:dropped":{"minecraft:enchanted_book":1,"minecraft:bread":16,"minecraft:iron_sword":1,"minecraft:porkchop":17,"minecraft:wheat_seeds":92,"minecraft:cooked_porkchop":10,"minecraft:cobblestone":2,"minecraft:leather":6,"minecraft:granite":28,"minecraft:dirt":11,"minecraft:diorite":38,"minecraft:mutton":3,"minecraft:dark_oak_trapdoor":1,"minecraft:iron_pickaxe":1,"minecraft:chainmail_leggings":2,"minecraft:spruce_sapling":4,"minecraft:gravel":33,"minecraft:furnace":1,"minecraft:stone_axe":2,"minecraft:stone_sword":1,"minecraft:wheat":19,"minecraft:oak_planks":36,"minecraft:white_bed":1,"minecraft:blast_furnace":1,"minecraft:hay_block":18,"minecraft:spruce_boat":2,"minecraft:spruce_planks":35,"minecraft:andesite":2,"minecraft:oak_sapling":19,"minecraft:spider_eye":1,"minecraft:stone_bricks":5,"minecraft:arrow":1,"minecraft:beef":12,"minecraft:stone_pickaxe":1},"minecraft:killed":{"minecraft:spider":7,"minecraft:skeleton":4,"minecraft:pig":26,"minecraft:sheep":3,"minecraft:zombie":8,"minecraft:villager":1,"minecraft:enderman":1,"minecraft:cow":9},"minecraft:custom":{"minecraft:mob_kills":63,"minecraft:interact_with_crafting_table":33,"minecraft:open_barrel":1,"minecraft:time_since_death":13020,"minecraft:climb_one_cm":1070,"minecraft:sprint_one_cm":328107,"minecraft:walk_one_cm":281647,"minecraft:drop":52,"minecraft:talked_to_villager":41,"minecraft:deaths":6,"minecraft:sneak_time":2645,"minecraft:walk_under_water_one_cm":1241,"minecraft:boat_one_cm":162643,"minecraft:jump":1593,"minecraft:interact_with_blast_furnace":1,"minecraft:walk_on_water_one_cm":9642,"minecraft:interact_with_furnace":3,"minecraft:play_one_minute":125873,"minecraft:time_since_rest":12754,"minecraft:damage_taken":3451,"minecraft:damage_dealt":8390,"minecraft:swim_one_cm":15606,"minecraft:fly_one_cm":357851,"minecraft:open_chest":15,"minecraft:crouch_one_cm":7339,"tombstone:undead_killed":12,"tombstone:villager_killed":1,"minecraft:interact_with_smoker":8,"minecraft:fall_one_cm":33332}},"DataVersion":2586}