{"stats":{"minecraft:mined":{"minecraft:spruce_planks":15,"minecraft:white_bed":6,"minecraft:oak_sapling":3,"minecraft:brewing_stand":2,"minecraft:obsidian":16,"minecraft:spruce_trapdoor":1,"minecraft:granite":34,"minecraft:grass_block":224,"minecraft:stone_brick_wall":3,"minecraft:oak_pressure_plate":2,"minecraft:coal_block":32,"minecraft:nether_wart":1,"minecraft:spawner":1,"minecraft:glowstone":7,"minecraft:dark_oak_trapdoor":1,"minecraft:iron_ore":25,"minecraft:fire":2,"minecraft:azure_bluet":1,"minecraft:oak_stairs":2,"minecraft:iron_block":3,"minecraft:spruce_slab":1,"minecraft:brown_mushroom":10,"minecraft:smoker":1,"minecraft:soul_fire":4,"minecraft:torch":18,"minecraft:blast_furnace":6,"minecraft:poppy":2,"minecraft:chest":2,"minecraft:cobblestone":348,"minecraft:sugar_cane":186,"minecraft:oak_planks":43,"minecraft:wall_torch":14,"minecraft:birch_sapling":1,"minecraft:white_terracotta":1,"minecraft:wheat":219,"minecraft:grass":137,"minecraft:oak_log":10,"minecraft:sand":25,"minecraft:dirt":142,"minecraft:netherrack":32,"minecraft:oak_leaves":17,"minecraft:nether_gold_ore":97,"minecraft:diamond_ore":8,"minecraft:oak_door":6,"minecraft:nether_bricks":2,"minecraft:spruce_fence":1,"minecraft:spruce_leaves":7,"minecraft:large_fern":1,"minecraft:hay_block":44,"minecraft:redstone_ore":17,"minecraft:oak_trapdoor":2,"minecraft:furnace":5,"minecraft:andesite":125,"minecraft:nether_brick_fence":1,"minecraft:bookshelf":2,"minecraft:stone":1334,"supplementaries:book_pile_horizontal":1,"minecraft:acacia_leaves":1,"minecraft:glass_pane":1,"minecraft:comparator":1,"minecraft:lily_of_the_valley":1,"minecraft:brown_carpet":7,"minecraft:dandelion":1,"minecraft:oak_fence":8,"minecraft:crafting_table":37,"minecraft:cornflower":5,"minecraft:emerald_ore":1,"minecraft:lectern":252,"minecraft:campfire":1,"minecraft:tall_grass":25,"minecraft:lapis_ore":7,"minecraft:diorite":100,"minecraft:spruce_log":5,"minecraft:birch_leaves":4,"minecraft:grass_path":45,"minecraft:coal_ore":54,"minecraft:sunflower":10,"minecraft:gravel":43,"minecraft:cobweb":27,"minecraft:stone_bricks":11,"minecraft:chipped_anvil":1,"minecraft:gold_ore":15,"minecraft:infested_stone":5,"paraglider:goddess_statue":3},"minecraft:picked_up":{"minecraft:iron_chestplate":1,"minecraft:wheat":220,"minecraft:chainmail_boots":1,"minecraft:diamond_sword":1,"minecraft:potion":1,"minecraft:enchanted_book":2,"minecraft:brewing_stand":3,"minecraft:dark_oak_trapdoor":1,"paraglider:goddess_statue":3,"minecraft:string":46,"minecraft:soul_soil":8,"minecraft:iron_leggings":1,"minecraft:gold_nugget":787,"minecraft:smooth_stone":2,"minecraft:comparator":1,"minecraft:spruce_planks":15,"minecraft:iron_pickaxe":2,"minecraft:coal_block":31,"minecraft:furnace":6,"minecraft:iron_boots":2,"minecraft:stick":70,"minecraft:oak_fence":8,"minecraft:torch":52,"minecraft:porkchop":54,"tombstone:grave_dust":7,"minecraft:diorite":64,"minecraft:brown_carpet":7,"minecraft:rotten_flesh":21,"minecraft:iron_block":3,"minecraft:white_terracotta":1,"minecraft:blaze_rod":12,"minecraft:obsidian":13,"minecraft:blaze_powder":23,"minecraft:cobblestone":1479,"minecraft:birch_log":12,"minecraft:magma_cream":10,"minecraft:andesite":108,"minecraft:smoker":1,"paraglider:spirit_orb":2,"minecraft:flint":2,"minecraft:lapis_lazuli":47,"minecraft:dirt":482,"minecraft:lantern":5,"minecraft:name_tag":1,"minecraft:bone":31,"minecraft:chipped_anvil":1,"minecraft:bow":4,"minecraft:wheat_seeds":305,"minecraft:glowstone_dust":21,"minecraft:oak_planks":132,"minecraft:cooked_porkchop":5,"minecraft:oak_pressure_plate":2,"minecraft:sand":24,"sophisticatedbackpacks:iron_backpack":1,"minecraft:ink_sac":2,"minecraft:grass_block":1,"minecraft:lily_of_the_valley":2,"mining_helmet:mining_helmet":2,"minecraft:diamond":11,"minecraft:spruce_boat":10,"minecraft:granite":32,"minecraft:bread":125,"minecraft:emerald":6,"minecraft:oak_sapling":64,"minecraft:netherrack":28,"sophisticatedbackpacks:gold_backpack":2,"minecraft:crafting_table":37,"tombstone:dust_of_vanishing":1,"minecraft:azure_bluet":5,"minecraft:nether_wart":4,"minecraft:brown_mushroom":11,"minecraft:stone_brick_wall":3,"minecraft:cornflower":8,"minecraft:oak_trapdoor":2,"minecraft:iron_axe":1,"minecraft:beef":14,"minecraft:oak_boat":16,"minecraft:iron_nugget":2,"minecraft:poppy":1,"minecraft:spruce_slab":1,"minecraft:lectern":254,"minecraft:sugar_cane":283,"minecraft:chest":1,"minecraft:birch_sapling":4,"minecraft:egg":2,"minecraft:oak_door":6,"minecraft:spruce_fence":1,"minecraft:redstone":86,"minecraft:arrow":33,"minecraft:peony":1,"minecraft:nether_bricks":2,"minecraft:hay_block":65,"minecraft:gold_ingot":17,"minecraft:mutton":5,"minecraft:white_wool":4,"minecraft:oxeye_daisy":1,"minecraft:leather":11,"minecraft:oak_log":261,"minecraft:gunpowder":10,"minecraft:white_banner":2,"minecraft:apple":5,"minecraft:stone_bricks":13,"minecraft:iron_ingot":72,"minecraft:iron_ore":30,"minecraft:book":77,"minecraft:dandelion":15,"minecraft:gravel":62,"minecraft:blast_furnace":6,"minecraft:spruce_sapling":3,"minecraft:white_bed":7,"minecraft:spruce_log":28,"minecraft:gold_ore":15,"minecraft:spider_eye":18,"minecraft:chainmail_leggings":4,"minecraft:iron_helmet":1,"tombstone:magic_scroll":1,"minecraft:coal":76,"minecraft:sunflower":18,"minecraft:ender_pearl":1},"minecraft:custom":{"minecraft:interact_with_crafting_table":78,"minecraft:open_barrel":2,"minecraft:leave_game":5,"minecraft:time_since_death":4408,"minecraft:sprint_one_cm":1186356,"minecraft:damage_blocked_by_shield":2260,"minecraft:drop":206,"minecraft:talked_to_villager":362,"minecraft:deaths":27,"minecraft:jump":5932,"minecraft:interact_with_brewingstand":22,"minecraft:walk_on_water_one_cm":57545,"minecraft:interact_with_furnace":12,"minecraft:traded_with_villager":5,"minecraft:play_one_minute":483191,"minecraft:sleep_in_bed":8,"minecraft:damage_dealt":27023,"minecraft:crouch_one_cm":16797,"tombstone:undead_killed":42,"tombstone:villager_killed":4,"minecraft:interact_with_smoker":8,"minecraft:mob_kills":152,"minecraft:interact_with_anvil":6,"tombstone:use_vanishing":1,"minecraft:climb_one_cm":4502,"minecraft:walk_one_cm":1134026,"minecraft:sneak_time":8810,"minecraft:walk_under_water_one_cm":17807,"minecraft:boat_one_cm":730275,"minecraft:interact_with_blast_furnace":5,"tombstone:raider_killed":13,"minecraft:time_since_rest":3816,"minecraft:damage_taken":17271,"minecraft:swim_one_cm":53392,"minecraft:fly_one_cm":1261089,"minecraft:open_chest":30,"minecraft:fall_one_cm":136827},"minecraft:killed":{"minecraft:cave_spider":2,"minecraft:witch":2,"minecraft:spider":31,"minecraft:skeleton":20,"minecraft:pig":26,"minecraft:creeper":3,"minecraft:sheep":4,"minecraft:pillager":9,"minecraft:zombie":19,"minecraft:cow":9,"minecraft:blaze":8,"minecraft:vindicator":1,"minecraft:drowned":1,"minecraft:ravager":1,"minecraft:wither_skeleton":2,"minecraft:villager":4,"minecraft:enderman":1},"minecraft:crafted":{"minecraft:oak_planks":368,"minecraft:blaze_powder":24,"minecraft:bookshelf":5,"minecraft:glass":13,"minecraft:chest":1,"minecraft:stone_hoe":1,"minecraft:oak_fence":12,"minecraft:smoker":1,"minecraft:glass_bottle":12,"minecraft:oak_slab":12,"minecraft:emerald":1,"sophisticatedbackpacks:backpack":1,"minecraft:cooked_porkchop":18,"minecraft:crafting_table":3,"minecraft:spruce_planks":124,"minecraft:wooden_pickaxe":1,"minecraft:lectern":5,"minecraft:paper":27,"minecraft:diamond_pickaxe":1,"minecraft:shield":2,"minecraft:stick":84,"minecraft:iron_ingot":27,"minecraft:iron_pickaxe":8,"minecraft:stone_sword":1,"minecraft:gold_ingot":46,"minecraft:oak_door":3,"minecraft:coal":144,"minecraft:furnace":1,"minecraft:flint_and_steel":1,"minecraft:iron_axe":3,"minecraft:spruce_slab":12,"minecraft:stone_pickaxe":1,"minecraft:spruce_boat":3,"minecraft:wheat":352,"sophisticatedbackpacks:iron_backpack":1,"minecraft:sugar":10,"minecraft:diamond_sword":1,"minecraft:iron_sword":1,"minecraft:bucket":2,"minecraft:stone_axe":2,"minecraft:enchanted_book":4,"minecraft:bread":184,"minecraft:air":0,"minecraft:oak_boat":3,"minecraft:golden_apple":2,"minecraft:fermented_spider_eye":7,"minecraft:iron_shovel":2,"minecraft:white_bed":1,"minecraft:torch":188},"minecraft:used":{"minecraft:iron_shovel":292,"minecraft:spruce_slab":1,"minecraft:chest":1,"minecraft:white_terracotta":1,"minecraft:shield":34,"minecraft:iron_sword":264,"minecraft:rotten_flesh":2,"paraglider:goddess_statue":2,"minecraft:nether_bricks":2,"minecraft:obsidian":13,"minecraft:spruce_boat":9,"minecraft:lantern":1,"minecraft:grass_block":1,"minecraft:furnace":5,"minecraft:oak_sapling":1,"minecraft:oak_planks":138,"minecraft:stone_pickaxe":13,"minecraft:wooden_pickaxe":22,"minecraft:sugar_cane":184,"tombstone:dust_of_vanishing":1,"minecraft:blast_furnace":5,"minecraft:stone_brick_wall":1,"minecraft:bread":194,"minecraft:lectern":254,"minecraft:gravel":10,"minecraft:diamond_sword":44,"minecraft:oak_boat":15,"minecraft:oak_fence":8,"minecraft:stone_sword":120,"minecraft:flint_and_steel":2,"minecraft:spruce_planks":42,"minecraft:stone_hoe":87,"minecraft:netherrack":23,"minecraft:oak_door":2,"minecraft:torch":121,"minecraft:brewing_stand":3,"minecraft:dirt":462,"minecraft:chipped_anvil":1,"minecraft:iron_axe":649,"minecraft:beef":2,"minecraft:water_bucket":28,"minecraft:glass_bottle":12,"minecraft:crafting_table":37,"minecraft:white_bed":4,"minecraft:smoker":1,"minecraft:diamond_pickaxe":819,"minecraft:oxeye_daisy":1,"minecraft:iron_pickaxe":1557,"minecraft:stone_axe":73,"minecraft:cobblestone":960,"minecraft:porkchop":19,"minecraft:cooked_porkchop":13,"minecraft:bucket":30,"minecraft:splash_potion":4},"minecraft:broken":{"minecraft:iron_boots":2,"minecraft:iron_leggings":1,"minecraft:iron_sword":1,"minecraft:iron_axe":2,"minecraft:iron_pickaxe":5,"minecraft:iron_helmet":2},"minecraft:killed_by":{"minecraft:piglin_brute":1,"minecraft:wither_skeleton":3,"minecraft:creeper":4,"minecraft:vindicator":1,"minecraft:piglin":3,"minecraft:cave_spider":1,"minecraft:blaze":3,"minecraft:zombie":4,"minecraft:spider":2,"minecraft:skeleton":1},"minecraft:dropped":{"sophisticatedbackpacks:iron_backpack":3,"minecraft:iron_sword":2,"minecraft:porkchop":17,"minecraft:cooked_porkchop":10,"minecraft:lantern":2,"minecraft:leather":6,"minecraft:flint":1,"sophisticatedbackpacks:gold_backpack":1,"minecraft:dirt":36,"minecraft:mutton":3,"minecraft:dark_oak_trapdoor":1,"minecraft:sunflower":1,"minecraft:iron_pickaxe":3,"minecraft:birch_log":12,"minecraft:bone":16,"minecraft:oak_door":7,"minecraft:gravel":48,"minecraft:stone_axe":2,"minecraft:sugar_cane":15,"minecraft:iron_nugget":4,"minecraft:birch_sapling":3,"minecraft:wheat":19,"tombstone:gift":3,"minecraft:rotten_flesh":17,"minecraft:oak_planks":79,"minecraft:azure_bluet":4,"minecraft:white_bed":1,"minecraft:poppy":1,"minecraft:gunpowder":2,"minecraft:stone_brick_wall":2,"minecraft:chainmail_boots":1,"minecraft:iron_ore":4,"minecraft:arrow":13,"minecraft:glass":1,"minecraft:beef":12,"minecraft:netherrack":6,"minecraft:lectern":2,"minecraft:egg":3,"minecraft:enchanted_book":5,"minecraft:stone_hoe":1,"minecraft:bread":23,"minecraft:wheat_seeds":301,"minecraft:oak_fence":8,"minecraft:iron_helmet":1,"minecraft:cobblestone":225,"minecraft:granite":32,"minecraft:stick":8,"minecraft:diorite":41,"tombstone:grave_dust":6,"minecraft:iron_leggings":1,"minecraft:white_banner":2,"minecraft:iron_axe":1,"minecraft:smooth_stone":2,"minecraft:iron_shovel":1,"minecraft:chainmail_leggings":3,"minecraft:paper":1,"minecraft:string":26,"minecraft:spruce_sapling":5,"minecraft:dandelion":12,"minecraft:furnace":1,"minecraft:soul_soil":4,"minecraft:oak_trapdoor":2,"minecraft:nether_wart":4,"minecraft:blaze_rod":6,"minecraft:stone_sword":1,"supplementaries:bomb":2,"minecraft:iron_boots":2,"minecraft:name_tag":2,"minecraft:lily_of_the_valley":2,"minecraft:blast_furnace":1,"minecraft:diamond_sword":1,"minecraft:hay_block":18,"minecraft:spruce_boat":2,"minecraft:spruce_planks":36,"minecraft:iron_chestplate":1,"minecraft:andesite":32,"minecraft:oak_boat":1,"minecraft:oak_sapling":57,"minecraft:spider_eye":9,"minecraft:stone_bricks":9,"minecraft:brown_carpet":7,"minecraft:bow":4,"minecraft:stone_pickaxe":1,"minecraft:magma_cream":10}},"DataVersion":2586}