{"stats":{"minecraft:mined":{"minecraft:stone_pressure_plate":2,"minecraft:spruce_planks":8,"minecraft:white_bed":10,"minecraft:granite":58,"minecraft:grass_block":27,"minecraft:coal_block":57,"minecraft:oxeye_daisy":1,"minecraft:iron_ore":82,"minecraft:blue_orchid":9,"minecraft:iron_block":7,"minecraft:kelp_plant":25,"minecraft:smoker":5,"minecraft:clay":9,"minecraft:torch":24,"minecraft:blast_furnace":9,"minecraft:poppy":1,"minecraft:cobblestone":46,"minecraft:sugar_cane":279,"minecraft:oak_planks":55,"minecraft:iron_door":1,"minecraft:wall_torch":10,"minecraft:seagrass":1,"minecraft:wheat":3,"minecraft:tnt":1,"minecraft:grass":80,"minecraft:oak_log":16,"minecraft:dirt":59,"minecraft:piston":1,"minecraft:oak_leaves":3,"minecraft:diamond_ore":19,"minecraft:oak_door":3,"minecraft:ladder":12,"minecraft:spruce_fence":20,"minecraft:kelp":10,"minecraft:hay_block":270,"minecraft:redstone_ore":82,"minecraft:furnace":4,"minecraft:andesite":80,"minecraft:gold_block":1,"minecraft:bookshelf":42,"minecraft:stripped_oak_log":1,"minecraft:stone":922,"minecraft:smithing_table":2,"minecraft:redstone_block":9,"minecraft:oak_fence":2,"minecraft:crafting_table":24,"minecraft:rose_bush":1,"minecraft:tall_grass":12,"minecraft:lapis_ore":15,"minecraft:diorite":98,"minecraft:birch_planks":2,"minecraft:spruce_log":2,"minecraft:coal_ore":468,"minecraft:sunflower":16,"minecraft:gravel":38,"minecraft:cobweb":26,"minecraft:stone_bricks":29,"minecraft:gold_ore":15},"minecraft:picked_up":{"minecraft:iron_chestplate":17,"minecraft:wheat":5,"minecraft:redstone_block":53,"minecraft:chainmail_boots":3,"minecraft:smithing_table":2,"minecraft:oak_stairs":1,"minecraft:enchanted_book":7,"minecraft:lapis_block":17,"minecraft:string":47,"minecraft:iron_leggings":13,"minecraft:armor_stand":19,"minecraft:experience_bottle":4,"minecraft:smooth_stone":3,"minecraft:spruce_planks":8,"minecraft:rose_bush":1,"minecraft:iron_pickaxe":2,"minecraft:coal_block":130,"minecraft:furnace":4,"minecraft:iron_boots":12,"minecraft:golden_helmet":5,"minecraft:stick":10,"minecraft:oak_fence":11,"minecraft:torch":45,"minecraft:porkchop":10,"tombstone:grave_dust":3,"minecraft:diorite":98,"minecraft:rotten_flesh":20,"minecraft:iron_block":8,"minecraft:cod":1,"minecraft:cobblestone":967,"minecraft:birch_log":6,"minecraft:leather_chestplate":3,"minecraft:magma_cream":10,"minecraft:cooked_beef":1,"minecraft:iron_door":1,"minecraft:andesite":79,"minecraft:golden_leggings":4,"minecraft:smoker":5,"minecraft:flint":7,"minecraft:map":1,"minecraft:lapis_lazuli":103,"minecraft:dirt":124,"minecraft:lantern":16,"minecraft:bone":13,"minecraft:bow":1,"minecraft:wheat_seeds":25,"minecraft:glowstone_dust":2,"minecraft:stone_hoe":1,"minecraft:oak_planks":73,"minecraft:cooked_porkchop":10,"minecraft:ink_sac":7,"minecraft:diamond":19,"minecraft:writable_book":2,"minecraft:crossbow":6,"minecraft:granite":58,"minecraft:emerald":8,"minecraft:bread":84,"minecraft:oak_sapling":4,"minecraft:netherrack":3,"minecraft:diamond_pickaxe":1,"minecraft:crafting_table":26,"tombstone:dust_of_vanishing":1,"minecraft:ladder":12,"minecraft:clay_ball":36,"minecraft:leather_leggings":5,"minecraft:golden_pickaxe":1,"minecraft:gold_block":1,"minecraft:shield":3,"minecraft:cornflower":1,"minecraft:iron_axe":1,"minecraft:netherite_scrap":1,"minecraft:item_frame":2,"minecraft:iron_shovel":1,"minecraft:blue_orchid":8,"minecraft:beef":104,"minecraft:oak_boat":1,"minecraft:iron_nugget":2,"minecraft:poppy":1,"minecraft:sugar_cane":583,"minecraft:birch_sapling":3,"minecraft:piston":1,"minecraft:egg":3,"minecraft:oak_door":14,"minecraft:spruce_fence":28,"minecraft:cake":1,"minecraft:stone_button":1,"minecraft:cookie":2,"minecraft:redstone":673,"minecraft:stone_pressure_plate":2,"minecraft:tnt":1,"minecraft:arrow":14,"minecraft:pumpkin_pie":5,"minecraft:diamond_boots":6,"minecraft:hay_block":266,"minecraft:saddle":1,"minecraft:gold_ingot":18,"minecraft:mutton":12,"minecraft:white_wool":6,"minecraft:stripped_oak_log":2,"minecraft:leather":28,"minecraft:birch_planks":2,"minecraft:oak_log":157,"minecraft:gunpowder":18,"minecraft:paper":7,"minecraft:white_banner":3,"tombstone:gift":1,"minecraft:cooked_mutton":2,"minecraft:apple":8,"minecraft:stone_bricks":30,"minecraft:kelp":152,"minecraft:iron_ingot":60,"minecraft:cooked_chicken":1,"minecraft:iron_ore":100,"minecraft:iron_sword":4,"minecraft:book":245,"minecraft:oak_slab":6,"minecraft:quartz":1,"minecraft:gravel":115,"minecraft:spruce_sapling":1,"minecraft:blast_furnace":10,"minecraft:white_bed":8,"minecraft:spruce_log":2,"minecraft:gold_ore":20,"minecraft:spider_eye":3,"minecraft:leather_helmet":4,"minecraft:firework_rocket":2,"minecraft:stone_axe":1,"minecraft:iron_helmet":16,"minecraft:coal":605,"minecraft:sunflower":15,"minecraft:ender_pearl":2},"minecraft:custom":{"minecraft:interact_with_crafting_table":92,"minecraft:open_barrel":6,"minecraft:eat_cake_slice":4,"minecraft:leave_game":3,"minecraft:time_since_death":445365,"minecraft:sprint_one_cm":901850,"minecraft:damage_blocked_by_shield":4535,"minecraft:drop":226,"minecraft:talked_to_villager":9,"minecraft:jump":5090,"minecraft:interact_with_brewingstand":2,"minecraft:walk_on_water_one_cm":35200,"minecraft:interact_with_furnace":101,"minecraft:traded_with_villager":3,"minecraft:play_one_minute":445365,"minecraft:sleep_in_bed":9,"minecraft:damage_dealt":13442,"minecraft:crouch_one_cm":8563,"tombstone:undead_killed":27,"minecraft:interact_with_smoker":25,"minecraft:interact_with_smithing_table":6,"minecraft:mob_kills":85,"minecraft:interact_with_anvil":2,"minecraft:climb_one_cm":17326,"minecraft:walk_one_cm":954268,"minecraft:damage_dealt_absorbed":80,"minecraft:target_hit":6,"minecraft:sneak_time":3304,"minecraft:walk_under_water_one_cm":9409,"minecraft:boat_one_cm":207,"minecraft:interact_with_blast_furnace":27,"tombstone:raider_killed":9,"minecraft:raid_trigger":1,"minecraft:time_since_rest":62458,"minecraft:damage_taken":4871,"minecraft:swim_one_cm":54403,"minecraft:fly_one_cm":1127355,"minecraft:open_chest":162,"minecraft:fall_one_cm":120535},"minecraft:killed":{"minecraft:witch":2,"minecraft:spider":11,"minecraft:dolphin":1,"minecraft:skeleton":15,"minecraft:creeper":4,"minecraft:sheep":6,"minecraft:pillager":6,"minecraft:zombie":11,"minecraft:cow":23,"minecraft:vindicator":1,"minecraft:drowned":1},"minecraft:crafted":{"minecraft:oak_planks":376,"minecraft:cooked_mutton":8,"minecraft:iron_boots":1,"tombstone:dust_of_vanishing":3,"minecraft:chest":6,"minecraft:oak_slab":6,"sophisticatedbackpacks:backpack":1,"minecraft:emerald":3,"minecraft:cooked_porkchop":10,"minecraft:crafting_table":6,"minecraft:spruce_planks":8,"minecraft:wooden_pickaxe":1,"minecraft:iron_helmet":1,"minecraft:hay_block":4,"minecraft:birch_planks":24,"minecraft:iron_chestplate":1,"minecraft:paper":3,"minecraft:shield":2,"sophisticatedbackpacks:diamond_backpack":1,"minecraft:stick":48,"minecraft:iron_ingot":134,"minecraft:iron_pickaxe":10,"minecraft:stone_sword":1,"minecraft:gold_ingot":24,"minecraft:oak_door":3,"minecraft:redstone":369,"minecraft:coal":648,"minecraft:furnace":2,"minecraft:iron_axe":3,"minecraft:stone_pickaxe":1,"minecraft:redstone_block":81,"sophisticatedbackpacks:iron_backpack":1,"minecraft:wheat":576,"minecraft:cooked_beef":12,"minecraft:coal_block":125,"sophisticatedbackpacks:gold_backpack":1,"minecraft:stone_axe":1,"minecraft:bread":192,"minecraft:oak_boat":1,"minecraft:golden_apple":1,"minecraft:iron_leggings":1,"minecraft:white_bed":2,"minecraft:torch":68,"minecraft:lapis_lazuli":99,"minecraft:lapis_block":22},"minecraft:used":{"minecraft:ladder":12,"minecraft:chest":5,"minecraft:shield":95,"minecraft:iron_sword":30,"minecraft:lantern":12,"minecraft:birch_sapling":3,"minecraft:stone_bricks":29,"minecraft:item_frame":2,"minecraft:bow":6,"minecraft:hay_block":5,"minecraft:furnace":5,"minecraft:oak_sapling":4,"minecraft:egg":2,"minecraft:diorite":14,"minecraft:stone_pickaxe":71,"minecraft:oak_planks":305,"minecraft:wooden_pickaxe":7,"minecraft:redstone_block":5,"minecraft:sugar_cane":10,"minecraft:blast_furnace":10,"minecraft:bread":81,"minecraft:iron_door":1,"minecraft:gravel":2,"minecraft:coal_block":3,"minecraft:smithing_table":2,"minecraft:andesite":17,"minecraft:oak_boat":1,"minecraft:experience_bottle":4,"minecraft:oak_fence":3,"minecraft:rose_bush":1,"minecraft:armor_stand":13,"minecraft:spruce_planks":3,"minecraft:cooked_chicken":1,"minecraft:oak_door":8,"minecraft:torch":93,"minecraft:dirt":47,"minecraft:spruce_fence":20,"minecraft:granite":10,"minecraft:iron_block":1,"minecraft:iron_axe":443,"minecraft:oak_stairs":1,"minecraft:bamboo":2,"minecraft:beef":2,"tombstone:gift":2,"minecraft:stone_pressure_plate":2,"minecraft:cooked_beef":12,"minecraft:wheat_seeds":13,"minecraft:cooked_mutton":1,"minecraft:iron_ore":2,"minecraft:birch_planks":7,"minecraft:crafting_table":28,"minecraft:white_bed":9,"minecraft:smoker":4,"minecraft:oak_log":5,"minecraft:sunflower":15,"minecraft:iron_pickaxe":1965,"minecraft:map":1,"minecraft:stone_axe":1,"minecraft:cobblestone":161,"minecraft:cooked_porkchop":15},"minecraft:broken":{"minecraft:stone_axe":1,"minecraft:shield":1,"minecraft:iron_axe":1,"minecraft:iron_pickaxe":7},"minecraft:dropped":{"minecraft:iron_sword":1,"minecraft:piston":1,"minecraft:lapis_lazuli":4,"minecraft:golden_pickaxe":1,"minecraft:ender_pearl":1,"minecraft:crafting_table":1,"minecraft:cooked_porkchop":5,"minecraft:crossbow":2,"minecraft:lantern":4,"minecraft:leather":12,"minecraft:leather_helmet":4,"minecraft:cod":4,"minecraft:flint":2,"minecraft:emerald":7,"minecraft:dirt":35,"minecraft:netherite_scrap":1,"minecraft:stone_button":1,"minecraft:cornflower":1,"minecraft:writable_book":1,"minecraft:iron_pickaxe":2,"minecraft:bone":11,"minecraft:gold_ingot":26,"minecraft:armor_stand":2,"minecraft:oak_door":9,"minecraft:gravel":4,"minecraft:stone_axe":1,"minecraft:compass":1,"minecraft:sugar_cane":36,"minecraft:iron_nugget":2,"minecraft:wheat":1,"minecraft:rotten_flesh":18,"minecraft:oak_planks":23,"minecraft:glowstone_dust":1,"minecraft:poppy":1,"minecraft:leather_chestplate":3,"minecraft:gunpowder":9,"minecraft:chainmail_boots":3,"minecraft:leather_leggings":5,"minecraft:arrow":5,"minecraft:beef":90,"minecraft:quartz":1,"minecraft:netherrack":3,"minecraft:firework_rocket":1,"minecraft:iron_ingot":56,"minecraft:enchanted_book":2,"minecraft:bread":190,"minecraft:wheat_seeds":2,"minecraft:golden_helmet":1,"minecraft:iron_helmet":3,"minecraft:cobblestone":117,"minecraft:book":129,"minecraft:apple":9,"minecraft:golden_apple":2,"minecraft:coal_block":73,"minecraft:stick":6,"minecraft:iron_block":1,"tombstone:dust_of_vanishing":2,"minecraft:diorite":8,"minecraft:ink_sac":7,"tombstone:grave_dust":1,"minecraft:iron_leggings":1,"minecraft:iron_axe":1,"minecraft:smooth_stone":1,"minecraft:iron_shovel":1,"minecraft:paper":7,"minecraft:string":43,"minecraft:lapis_block":11,"minecraft:spruce_sapling":1,"minecraft:redstone_block":44,"minecraft:redstone":305,"minecraft:stone_sword":1,"minecraft:stripped_oak_log":1,"minecraft:spruce_fence":8,"minecraft:shield":1,"minecraft:spruce_planks":2,"minecraft:diamond_pickaxe":1,"minecraft:iron_chestplate":3,"minecraft:andesite":5,"minecraft:golden_leggings":1,"minecraft:spider_eye":2,"minecraft:stone_bricks":1,"minecraft:diamond_boots":3,"minecraft:stone_pickaxe":1}},"DataVersion":2586}