{"stats":{"minecraft:broken":{"minecraft:stone_axe":1,"minecraft:shield":1,"minecraft:iron_axe":4,"minecraft:iron_pickaxe":9,"minecraft:iron_helmet":1},"minecraft:killed":{"minecraft:witch":2,"minecraft:spider":18,"minecraft:dolphin":1,"minecraft:skeleton":23,"minecraft:silverfish":5,"minecraft:creeper":10,"minecraft:sheep":6,"minecraft:pillager":6,"minecraft:zombie":26,"minecraft:cow":24,"minecraft:vindicator":1,"minecraft:phantom":1,"supplementaries:firefly":1,"minecraft:drowned":2,"minecraft:squid":1},"minecraft:used":{"minecraft:writable_book":1,"minecraft:ladder":12,"minecraft:chest":5,"minecraft:shield":145,"minecraft:iron_sword":47,"minecraft:lantern":12,"minecraft:birch_sapling":3,"minecraft:stone_bricks":29,"minecraft:item_frame":2,"minecraft:bow":6,"minecraft:hay_block":5,"minecraft:written_book":1,"minecraft:oak_sapling":8,"minecraft:furnace":5,"minecraft:egg":3,"minecraft:diorite":23,"minecraft:oak_planks":349,"minecraft:stone_pickaxe":71,"minecraft:wooden_pickaxe":7,"minecraft:redstone_block":5,"minecraft:sugar_cane":36,"minecraft:sand":4,"minecraft:blast_furnace":10,"minecraft:stone_button":3,"minecraft:bread":130,"minecraft:iron_door":1,"minecraft:gravel":8,"minecraft:coal_block":3,"minecraft:smithing_table":2,"minecraft:andesite":33,"minecraft:oak_boat":6,"minecraft:bone_meal":18,"minecraft:experience_bottle":4,"minecraft:oak_fence":3,"minecraft:rose_bush":10,"minecraft:armor_stand":13,"minecraft:spruce_planks":3,"minecraft:cooked_chicken":1,"minecraft:oak_door":8,"minecraft:torch":252,"minecraft:dirt":178,"minecraft:brewing_stand":1,"minecraft:granite":33,"minecraft:spruce_fence":20,"minecraft:chipped_anvil":1,"minecraft:iron_block":1,"minecraft:iron_axe":631,"minecraft:oak_stairs":1,"minecraft:bamboo":2,"minecraft:beef":2,"tombstone:gift":2,"minecraft:stone_pressure_plate":2,"minecraft:cooked_beef":12,"minecraft:wheat_seeds":13,"minecraft:cooked_mutton":2,"minecraft:iron_ore":2,"minecraft:birch_planks":7,"minecraft:crafting_table":35,"minecraft:white_bed":17,"minecraft:smoker":4,"minecraft:oak_log":6,"minecraft:diamond_pickaxe":3280,"minecraft:sunflower":87,"minecraft:iron_pickaxe":2260,"minecraft:map":1,"minecraft:stone_axe":1,"minecraft:cobblestone":884,"minecraft:cooked_porkchop":15},"minecraft:dropped":{"minecraft:iron_sword":2,"minecraft:piston":1,"minecraft:lapis_lazuli":13,"minecraft:golden_pickaxe":1,"minecraft:ender_pearl":1,"minecraft:diamond":43,"minecraft:crafting_table":1,"minecraft:cooked_porkchop":5,"minecraft:crossbow":2,"minecraft:lantern":4,"minecraft:leather":12,"minecraft:leather_helmet":4,"minecraft:cod":4,"minecraft:flint":3,"minecraft:emerald":43,"minecraft:dirt":38,"minecraft:netherite_scrap":1,"minecraft:stone_button":1,"minecraft:cornflower":1,"minecraft:writable_book":1,"minecraft:iron_pickaxe":3,"minecraft:white_wool":5,"minecraft:armor_stand":2,"minecraft:gold_ingot":26,"minecraft:bone":14,"minecraft:oak_door":9,"minecraft:gravel":4,"minecraft:stone_axe":1,"minecraft:compass":1,"minecraft:sugar_cane":36,"minecraft:iron_nugget":2,"minecraft:wheat":1,"minecraft:rotten_flesh":24,"minecraft:oak_planks":24,"minecraft:glowstone_dust":1,"minecraft:blaze_powder":22,"minecraft:cooked_mutton":6,"minecraft:white_bed":1,"minecraft:poppy":1,"minecraft:leather_chestplate":3,"minecraft:gunpowder":9,"minecraft:chainmail_boots":3,"minecraft:leather_leggings":5,"minecraft:arrow":7,"minecraft:beef":90,"minecraft:quartz":1,"minecraft:written_book":1,"minecraft:netherrack":3,"minecraft:firework_rocket":1,"minecraft:enchanted_book":3,"minecraft:iron_ingot":56,"minecraft:bread":458,"minecraft:wheat_seeds":8,"minecraft:golden_helmet":1,"minecraft:iron_helmet":16,"minecraft:cobblestone":249,"minecraft:book":256,"minecraft:apple":9,"minecraft:golden_apple":2,"minecraft:coal_block":73,"minecraft:stick":14,"minecraft:iron_block":1,"tombstone:dust_of_vanishing":2,"minecraft:diorite":22,"minecraft:ink_sac":8,"tombstone:grave_dust":2,"minecraft:iron_leggings":5,"minecraft:iron_axe":1,"minecraft:smooth_stone":1,"minecraft:iron_shovel":1,"minecraft:paper":530,"minecraft:string":51,"minecraft:spruce_sapling":1,"minecraft:lapis_block":11,"minecraft:redstone_block":44,"minecraft:redstone":314,"minecraft:polished_diorite":12,"minecraft:stone_sword":1,"minecraft:iron_boots":8,"minecraft:stripped_oak_log":1,"minecraft:spruce_fence":8,"minecraft:filled_map":2,"minecraft:shield":3,"minecraft:spruce_planks":3,"minecraft:iron_chestplate":9,"minecraft:diamond_pickaxe":1,"minecraft:andesite":6,"minecraft:golden_leggings":1,"minecraft:oak_sapling":8,"minecraft:spider_eye":2,"minecraft:stone_bricks":1,"minecraft:diamond_boots":3,"minecraft:bow":1,"minecraft:stone_pickaxe":1,"supplementaries:flute":2},"minecraft:crafted":{"minecraft:black_dye":2,"minecraft:oak_planks":472,"minecraft:cooked_mutton":8,"minecraft:glass":10,"tombstone:dust_of_vanishing":3,"minecraft:iron_boots":4,"minecraft:chest":6,"supplementaries:flute":1,"minecraft:oak_slab":6,"sophisticatedbackpacks:backpack":1,"minecraft:emerald":18,"minecraft:cooked_porkchop":10,"minecraft:crafting_table":6,"minecraft:spruce_planks":8,"minecraft:wooden_pickaxe":1,"minecraft:iron_helmet":1,"minecraft:hay_block":4,"minecraft:birch_planks":24,"minecraft:iron_chestplate":1,"mining_helmet:mining_helmet":1,"minecraft:paper":510,"minecraft:diamond_pickaxe":1,"minecraft:shield":2,"sophisticatedbackpacks:diamond_backpack":4,"minecraft:stick":76,"minecraft:iron_ingot":134,"minecraft:iron_pickaxe":11,"minecraft:stone_sword":1,"minecraft:gold_ingot":24,"minecraft:oak_door":3,"minecraft:redstone":369,"minecraft:coal":729,"minecraft:furnace":2,"minecraft:bone_meal":18,"minecraft:diamond_block":17,"minecraft:diamond":90,"minecraft:polished_diorite":12,"minecraft:iron_axe":5,"minecraft:stone_pickaxe":1,"minecraft:redstone_block":137,"minecraft:wheat":1728,"sophisticatedbackpacks:iron_backpack":1,"minecraft:cooked_beef":12,"minecraft:coal_block":298,"minecraft:dried_kelp":152,"sophisticatedbackpacks:gold_backpack":1,"minecraft:stone_axe":1,"minecraft:bread":576,"minecraft:blue_dye":1,"minecraft:oak_boat":3,"minecraft:golden_apple":1,"minecraft:iron_leggings":1,"minecraft:white_bed":2,"minecraft:torch":148,"minecraft:lapis_lazuli":108,"minecraft:lapis_block":63},"minecraft:custom":{"minecraft:interact_with_crafting_table":144,"minecraft:open_barrel":6,"minecraft:eat_cake_slice":4,"minecraft:leave_game":8,"minecraft:time_since_death":766529,"minecraft:sprint_one_cm":1338732,"minecraft:damage_blocked_by_shield":6095,"minecraft:drop":426,"minecraft:talked_to_villager":34,"minecraft:jump":7391,"minecraft:interact_with_brewingstand":2,"minecraft:enchant_item":1,"minecraft:walk_on_water_one_cm":48974,"minecraft:interact_with_furnace":116,"minecraft:traded_with_villager":21,"minecraft:play_one_minute":766529,"minecraft:sleep_in_bed":13,"minecraft:damage_dealt":21825,"minecraft:crouch_one_cm":23924,"tombstone:undead_killed":52,"minecraft:interact_with_smoker":67,"minecraft:interact_with_smithing_table":8,"minecraft:interact_with_anvil":8,"minecraft:mob_kills":133,"minecraft:climb_one_cm":17926,"minecraft:walk_one_cm":1594710,"minecraft:damage_dealt_absorbed":80,"minecraft:target_hit":6,"minecraft:sneak_time":8373,"minecraft:walk_under_water_one_cm":11206,"minecraft:boat_one_cm":55466,"minecraft:interact_with_blast_furnace":33,"tombstone:raider_killed":10,"minecraft:raid_trigger":1,"minecraft:time_since_rest":212906,"minecraft:damage_taken":6493,"minecraft:swim_one_cm":62534,"minecraft:fly_one_cm":1511934,"minecraft:open_chest":187,"minecraft:fall_one_cm":174738},"minecraft:mined":{"minecraft:white_bed":19,"minecraft:spruce_planks":8,"minecraft:stone_pressure_plate":2,"minecraft:oak_sapling":1,"minecraft:brewing_stand":1,"minecraft:granite":168,"minecraft:grass_block":57,"minecraft:coal_block":57,"minecraft:oxeye_daisy":1,"minecraft:iron_ore":234,"minecraft:anvil":1,"minecraft:blue_orchid":9,"minecraft:iron_block":7,"minecraft:kelp_plant":25,"minecraft:smoker":7,"minecraft:clay":9,"minecraft:torch":66,"minecraft:blast_furnace":11,"minecraft:poppy":1,"minecraft:cobblestone":155,"minecraft:sugar_cane":737,"minecraft:oak_planks":86,"minecraft:damaged_anvil":1,"minecraft:iron_door":1,"minecraft:wall_torch":24,"minecraft:seagrass":1,"minecraft:wheat":3,"minecraft:tnt":1,"minecraft:grass":109,"minecraft:oak_log":16,"minecraft:sand":1,"minecraft:dirt":148,"minecraft:piston":1,"minecraft:oak_leaves":5,"minecraft:diamond_ore":66,"minecraft:oak_door":3,"minecraft:ladder":12,"minecraft:spruce_fence":20,"minecraft:kelp":10,"minecraft:hay_block":270,"minecraft:redstone_ore":172,"minecraft:furnace":4,"minecraft:andesite":191,"minecraft:gold_block":1,"minecraft:bookshelf":42,"minecraft:lantern":1,"minecraft:stripped_oak_log":2,"minecraft:bamboo":2,"minecraft:stone":2936,"supplementaries:wall_lantern":1,"minecraft:smithing_table":2,"minecraft:redstone_block":9,"minecraft:oak_fence":2,"minecraft:crafting_table":31,"minecraft:cornflower":1,"minecraft:emerald_ore":8,"minecraft:rose_bush":1,"minecraft:tall_grass":19,"minecraft:lapis_ore":40,"minecraft:diorite":240,"minecraft:birch_planks":2,"minecraft:spruce_log":2,"minecraft:coal_ore":1163,"minecraft:sunflower":87,"minecraft:gravel":75,"minecraft:cobweb":26,"minecraft:stone_bricks":29,"minecraft:chipped_anvil":1,"minecraft:gold_ore":45,"minecraft:infested_stone":6,"paraglider:goddess_statue":1},"minecraft:picked_up":{"minecraft:iron_chestplate":20,"minecraft:wheat":5,"minecraft:redstone_block":53,"minecraft:chainmail_boots":3,"minecraft:anvil":1,"minecraft:smithing_table":2,"minecraft:oak_stairs":1,"minecraft:enchanted_book":8,"minecraft:brewing_stand":1,"minecraft:lapis_block":17,"paraglider:goddess_statue":2,"minecraft:string":55,"minecraft:iron_leggings":15,"minecraft:armor_stand":19,"minecraft:experience_bottle":4,"minecraft:diamond_leggings":1,"minecraft:smooth_stone":3,"minecraft:spruce_planks":9,"minecraft:rose_bush":10,"minecraft:written_book":1,"minecraft:iron_pickaxe":3,"minecraft:coal_block":130,"minecraft:furnace":4,"minecraft:iron_boots":15,"minecraft:golden_helmet":5,"minecraft:stick":23,"minecraft:oak_fence":11,"minecraft:torch":184,"minecraft:porkchop":10,"tombstone:grave_dust":7,"minecraft:diorite":238,"minecraft:rotten_flesh":34,"minecraft:iron_block":8,"minecraft:cod":1,"minecraft:blaze_powder":22,"minecraft:cobblestone":3039,"minecraft:birch_log":6,"minecraft:leather_chestplate":3,"minecraft:cooked_beef":1,"minecraft:magma_cream":10,"minecraft:iron_door":1,"minecraft:andesite":190,"minecraft:golden_leggings":4,"minecraft:smoker":7,"paraglider:spirit_orb":4,"minecraft:flint":14,"supplementaries:flute":1,"minecraft:map":1,"minecraft:lapis_lazuli":475,"minecraft:dirt":318,"minecraft:lantern":18,"minecraft:bone":20,"minecraft:chipped_anvil":1,"minecraft:bow":2,"minecraft:wheat_seeds":31,"minecraft:glowstone_dust":2,"minecraft:diamond_helmet":1,"minecraft:bamboo":7,"minecraft:stone_hoe":1,"minecraft:oak_planks":104,"minecraft:cooked_porkchop":10,"minecraft:sand":5,"minecraft:ink_sac":13,"minecraft:diamond":125,"minecraft:writable_book":2,"minecraft:crossbow":6,"minecraft:granite":166,"minecraft:emerald":48,"minecraft:bread":85,"minecraft:oak_sapling":16,"minecraft:netherrack":3,"minecraft:diamond_pickaxe":1,"minecraft:crafting_table":33,"tombstone:dust_of_vanishing":1,"minecraft:ladder":12,"minecraft:clay_ball":36,"minecraft:golden_pickaxe":1,"minecraft:leather_leggings":5,"minecraft:gold_block":1,"minecraft:shield":15,"minecraft:cornflower":2,"minecraft:iron_axe":1,"minecraft:netherite_scrap":1,"minecraft:item_frame":2,"minecraft:iron_shovel":1,"minecraft:blue_orchid":8,"minecraft:beef":105,"minecraft:oak_boat":4,"minecraft:iron_nugget":2,"minecraft:poppy":1,"minecraft:sugar_cane":1262,"minecraft:birch_sapling":3,"minecraft:piston":1,"minecraft:egg":6,"minecraft:oak_door":14,"minecraft:spruce_fence":28,"minecraft:cake":1,"minecraft:stone_button":4,"minecraft:cookie":2,"minecraft:redstone":1186,"minecraft:stone_pressure_plate":2,"minecraft:tnt":2,"minecraft:arrow":37,"minecraft:diamond_chestplate":1,"minecraft:pumpkin_pie":5,"minecraft:diamond_boots":7,"minecraft:hay_block":266,"minecraft:saddle":1,"minecraft:gold_ingot":18,"minecraft:mutton":12,"minecraft:white_wool":11,"minecraft:stripped_oak_log":2,"minecraft:leather":30,"minecraft:filled_map":1,"minecraft:birch_planks":2,"minecraft:oak_log":196,"minecraft:gunpowder":30,"minecraft:paper":391,"minecraft:white_banner":3,"tombstone:gift":1,"minecraft:cooked_mutton":2,"minecraft:apple":10,"minecraft:stone_bricks":30,"minecraft:kelp":152,"minecraft:iron_ingot":60,"minecraft:cooked_chicken":1,"minecraft:iron_ore":256,"minecraft:iron_sword":5,"minecraft:book":250,"minecraft:oak_slab":6,"minecraft:quartz":1,"minecraft:gravel":189,"minecraft:spruce_sapling":1,"minecraft:blast_furnace":12,"minecraft:white_bed":17,"minecraft:spruce_log":2,"minecraft:gold_ore":50,"minecraft:spider_eye":3,"minecraft:leather_helmet":4,"minecraft:firework_rocket":2,"minecraft:stone_axe":1,"minecraft:iron_helmet":28,"tombstone:magic_scroll":2,"minecraft:damaged_anvil":1,"minecraft:sunflower":87,"minecraft:coal":2101,"minecraft:ender_pearl":2}},"DataVersion":2586}