{"stats":{"minecraft:broken":{"minecraft:stone_axe":1,"minecraft:iron_pickaxe":7},"minecraft:used":{"minecraft:armor_stand":4,"minecraft:spruce_planks":3,"minecraft:chest":3,"minecraft:shield":13,"minecraft:oak_door":4,"minecraft:torch":93,"minecraft:dirt":5,"minecraft:granite":10,"minecraft:iron_axe":118,"minecraft:lantern":8,"minecraft:birch_sapling":3,"minecraft:stone_bricks":13,"minecraft:beef":2,"minecraft:furnace":5,"minecraft:oak_sapling":2,"minecraft:cooked_beef":9,"minecraft:cooked_mutton":1,"minecraft:diorite":14,"minecraft:iron_ore":2,"minecraft:birch_planks":7,"minecraft:stone_pickaxe":71,"minecraft:oak_planks":246,"minecraft:wooden_pickaxe":7,"minecraft:crafting_table":18,"minecraft:blast_furnace":7,"minecraft:white_bed":4,"minecraft:oak_log":5,"minecraft:iron_pickaxe":1766,"minecraft:gravel":1,"minecraft:stone_axe":1,"minecraft:coal_block":3,"minecraft:cobblestone":139,"minecraft:andesite":17,"minecraft:experience_bottle":1},"minecraft:crafted":{"minecraft:oak_door":3,"minecraft:oak_planks":328,"minecraft:redstone":369,"minecraft:coal":621,"minecraft:furnace":2,"minecraft:cooked_mutton":3,"minecraft:iron_boots":1,"minecraft:iron_axe":1,"minecraft:stone_pickaxe":1,"minecraft:chest":3,"minecraft:redstone_block":40,"minecraft:cooked_beef":12,"minecraft:coal_block":42,"minecraft:cooked_porkchop":10,"minecraft:crafting_table":3,"minecraft:spruce_planks":8,"minecraft:wooden_pickaxe":1,"minecraft:iron_helmet":1,"minecraft:birch_planks":24,"minecraft:stone_axe":1,"minecraft:oak_boat":1,"minecraft:iron_chestplate":1,"minecraft:shield":1,"minecraft:stick":36,"minecraft:iron_ingot":89,"minecraft:iron_pickaxe":8,"minecraft:stone_sword":1,"minecraft:iron_leggings":1,"minecraft:gold_ingot":15,"minecraft:white_bed":1,"minecraft:torch":68,"minecraft:lapis_lazuli":99,"minecraft:lapis_block":11},"minecraft:picked_up":{"minecraft:crafting_table":16,"minecraft:iron_chestplate":4,"minecraft:redstone_block":1,"minecraft:shield":1,"minecraft:iron_leggings":4,"minecraft:armor_stand":8,"minecraft:experience_bottle":1,"minecraft:spruce_planks":6,"minecraft:beef":14,"minecraft:sugar_cane":9,"minecraft:coal_block":103,"minecraft:birch_sapling":3,"minecraft:iron_boots":4,"minecraft:furnace":4,"minecraft:golden_helmet":4,"minecraft:stick":8,"minecraft:oak_door":3,"minecraft:torch":43,"minecraft:porkchop":10,"minecraft:diorite":98,"minecraft:redstone":368,"minecraft:arrow":2,"minecraft:iron_block":1,"minecraft:gold_ingot":2,"minecraft:mutton":7,"minecraft:white_wool":3,"minecraft:cobblestone":895,"minecraft:birch_log":6,"minecraft:andesite":77,"minecraft:golden_leggings":4,"minecraft:birch_planks":2,"minecraft:flint":5,"minecraft:oak_log":146,"minecraft:lapis_lazuli":103,"minecraft:dirt":47,"minecraft:lantern":10,"minecraft:apple":2,"minecraft:stone_bricks":13,"minecraft:wheat_seeds":3,"minecraft:iron_ingot":2,"minecraft:iron_ore":99,"minecraft:iron_sword":1,"minecraft:oak_planks":27,"minecraft:book":127,"minecraft:cooked_porkchop":10,"minecraft:gravel":113,"minecraft:blast_furnace":7,"minecraft:white_bed":3,"minecraft:spruce_log":2,"minecraft:gold_ore":20,"minecraft:diamond":19,"minecraft:stone_axe":1,"minecraft:iron_helmet":4,"minecraft:granite":58,"minecraft:bread":16,"minecraft:oak_sapling":2,"minecraft:coal":546},"minecraft:mined":{"minecraft:diamond_ore":19,"minecraft:spruce_planks":6,"minecraft:white_bed":3,"minecraft:oak_door":2,"minecraft:granite":58,"minecraft:grass_block":7,"minecraft:coal_block":30,"minecraft:redstone_ore":82,"minecraft:furnace":4,"minecraft:iron_ore":82,"minecraft:andesite":78,"minecraft:bookshelf":42,"minecraft:stone":887,"minecraft:iron_block":1,"minecraft:redstone_block":1,"minecraft:crafting_table":15,"minecraft:torch":24,"minecraft:blast_furnace":6,"minecraft:cobblestone":10,"minecraft:tall_grass":2,"minecraft:lapis_ore":15,"minecraft:sugar_cane":3,"minecraft:oak_planks":7,"minecraft:diorite":98,"minecraft:wall_torch":9,"minecraft:birch_planks":2,"minecraft:spruce_log":2,"minecraft:grass":44,"minecraft:coal_ore":419,"minecraft:oak_log":10,"minecraft:gravel":34,"minecraft:dirt":43,"minecraft:stone_bricks":13,"minecraft:gold_ore":15},"minecraft:dropped":{"minecraft:crafting_table":1,"minecraft:cobblestone":70,"minecraft:lantern":2,"minecraft:coal_block":73,"minecraft:dirt":14,"minecraft:diorite":8,"minecraft:gravel":3,"minecraft:stone_axe":1,"minecraft:compass":1,"minecraft:stone_sword":1,"minecraft:oak_planks":20,"minecraft:andesite":3,"minecraft:stone_pickaxe":1},"minecraft:killed":{"minecraft:skeleton":4,"minecraft:sheep":3,"minecraft:zombie":1,"minecraft:cow":1},"minecraft:custom":{"minecraft:interact_with_smithing_table":1,"minecraft:mob_kills":8,"minecraft:interact_with_crafting_table":46,"minecraft:open_barrel":2,"minecraft:time_since_death":116737,"minecraft:climb_one_cm":5530,"minecraft:sprint_one_cm":207668,"minecraft:walk_one_cm":291795,"minecraft:damage_blocked_by_shield":705,"minecraft:drop":20,"minecraft:sneak_time":1792,"minecraft:walk_under_water_one_cm":374,"minecraft:jump":1369,"minecraft:interact_with_blast_furnace":20,"minecraft:walk_on_water_one_cm":2743,"minecraft:interact_with_furnace":40,"minecraft:play_one_minute":116737,"minecraft:sleep_in_bed":2,"minecraft:time_since_rest":17280,"minecraft:damage_taken":421,"minecraft:damage_dealt":1372,"minecraft:swim_one_cm":7601,"minecraft:fly_one_cm":258696,"minecraft:open_chest":21,"minecraft:crouch_one_cm":6059,"tombstone:undead_killed":5,"minecraft:interact_with_smoker":1,"minecraft:fall_one_cm":26962}},"DataVersion":2586}