{"stats":{"minecraft:mined":{"minecraft:diamond_ore":19,"minecraft:spruce_planks":6,"minecraft:white_bed":7,"minecraft:oak_door":3,"minecraft:ladder":12,"minecraft:granite":58,"minecraft:grass_block":9,"minecraft:coal_block":30,"minecraft:hay_block":184,"minecraft:redstone_ore":82,"minecraft:furnace":4,"minecraft:iron_ore":82,"minecraft:andesite":78,"minecraft:bookshelf":42,"minecraft:stripped_oak_log":1,"minecraft:stone":891,"minecraft:iron_block":6,"minecraft:smithing_table":1,"minecraft:redstone_block":6,"minecraft:smoker":5,"minecraft:oak_fence":1,"minecraft:crafting_table":20,"minecraft:torch":24,"minecraft:blast_furnace":9,"minecraft:rose_bush":1,"minecraft:tall_grass":8,"minecraft:cobblestone":22,"minecraft:lapis_ore":15,"minecraft:sugar_cane":21,"minecraft:oak_planks":30,"minecraft:iron_door":1,"minecraft:diorite":98,"minecraft:wall_torch":9,"minecraft:birch_planks":2,"minecraft:spruce_log":2,"minecraft:grass":71,"minecraft:oak_log":10,"minecraft:coal_ore":466,"minecraft:sunflower":1,"minecraft:gravel":34,"minecraft:dirt":44,"minecraft:stone_bricks":13,"minecraft:gold_ore":15,"minecraft:oak_leaves":1},"minecraft:picked_up":{"minecraft:crafting_table":21,"minecraft:iron_chestplate":15,"minecraft:redstone_block":6,"minecraft:chainmail_boots":2,"minecraft:ladder":12,"minecraft:smithing_table":1,"minecraft:enchanted_book":3,"minecraft:shield":2,"minecraft:lapis_block":6,"minecraft:cornflower":1,"minecraft:string":9,"minecraft:iron_leggings":13,"minecraft:item_frame":1,"minecraft:armor_stand":16,"minecraft:experience_bottle":2,"minecraft:smooth_stone":3,"minecraft:spruce_planks":6,"minecraft:beef":104,"minecraft:rose_bush":1,"minecraft:coal_block":103,"minecraft:sugar_cane":75,"minecraft:birch_sapling":3,"minecraft:furnace":4,"minecraft:iron_boots":12,"minecraft:egg":3,"minecraft:golden_helmet":5,"minecraft:stick":8,"minecraft:oak_door":7,"minecraft:oak_fence":10,"minecraft:torch":43,"minecraft:porkchop":10,"minecraft:diorite":98,"minecraft:redstone":673,"minecraft:arrow":8,"minecraft:rotten_flesh":9,"minecraft:hay_block":180,"minecraft:iron_block":6,"minecraft:gold_ingot":2,"minecraft:mutton":7,"minecraft:white_wool":3,"minecraft:cobblestone":913,"minecraft:birch_log":6,"minecraft:stripped_oak_log":2,"minecraft:iron_door":1,"minecraft:andesite":77,"minecraft:leather":28,"minecraft:golden_leggings":4,"minecraft:smoker":5,"minecraft:birch_planks":2,"minecraft:flint":5,"minecraft:oak_log":146,"minecraft:paper":3,"minecraft:lapis_lazuli":103,"minecraft:dirt":62,"minecraft:lantern":12,"tombstone:gift":1,"minecraft:bone":4,"minecraft:apple":6,"minecraft:stone_bricks":13,"minecraft:bow":1,"minecraft:wheat_seeds":11,"minecraft:iron_ingot":2,"minecraft:iron_ore":100,"minecraft:stone_hoe":1,"minecraft:iron_sword":2,"minecraft:oak_planks":49,"minecraft:book":127,"minecraft:cooked_porkchop":10,"minecraft:gravel":113,"minecraft:blast_furnace":10,"minecraft:white_bed":5,"minecraft:spruce_log":2,"minecraft:gold_ore":20,"minecraft:spider_eye":3,"minecraft:diamond":19,"minecraft:stone_axe":1,"minecraft:iron_helmet":16,"minecraft:crossbow":4,"minecraft:granite":58,"minecraft:emerald":1,"minecraft:bread":16,"minecraft:oak_sapling":2,"minecraft:coal":597},"minecraft:custom":{"minecraft:interact_with_smithing_table":1,"minecraft:interact_with_anvil":2,"minecraft:mob_kills":47,"minecraft:interact_with_crafting_table":63,"minecraft:open_barrel":5,"minecraft:leave_game":2,"minecraft:time_since_death":268147,"minecraft:climb_one_cm":11129,"minecraft:sprint_one_cm":477478,"minecraft:walk_one_cm":513805,"minecraft:damage_blocked_by_shield":1055,"minecraft:drop":90,"minecraft:talked_to_villager":1,"minecraft:target_hit":6,"minecraft:sneak_time":2664,"minecraft:walk_under_water_one_cm":872,"minecraft:jump":2512,"minecraft:interact_with_blast_furnace":25,"minecraft:walk_on_water_one_cm":10754,"minecraft:interact_with_furnace":66,"minecraft:play_one_minute":268147,"minecraft:sleep_in_bed":5,"minecraft:time_since_rest":63662,"minecraft:damage_taken":1865,"minecraft:damage_dealt":6030,"minecraft:swim_one_cm":7669,"minecraft:fly_one_cm":518491,"minecraft:open_chest":115,"minecraft:crouch_one_cm":7195,"tombstone:undead_killed":13,"minecraft:interact_with_smoker":3,"minecraft:fall_one_cm":54644},"minecraft:killed":{"minecraft:spider":7,"minecraft:skeleton":9,"minecraft:sheep":3,"minecraft:zombie":4,"minecraft:cow":23},"minecraft:crafted":{"minecraft:oak_door":3,"minecraft:oak_planks":332,"minecraft:redstone":369,"minecraft:coal":621,"minecraft:furnace":2,"minecraft:cooked_mutton":3,"minecraft:iron_boots":1,"minecraft:iron_axe":2,"minecraft:stone_pickaxe":1,"minecraft:chest":6,"minecraft:redstone_block":81,"minecraft:cooked_beef":12,"minecraft:coal_block":120,"sophisticatedbackpacks:backpack":1,"minecraft:cooked_porkchop":10,"minecraft:crafting_table":4,"minecraft:spruce_planks":8,"minecraft:wooden_pickaxe":1,"minecraft:iron_helmet":1,"minecraft:birch_planks":24,"minecraft:hay_block":4,"minecraft:stone_axe":1,"minecraft:oak_boat":1,"minecraft:iron_chestplate":1,"minecraft:shield":1,"minecraft:stick":40,"minecraft:iron_ingot":125,"minecraft:iron_pickaxe":9,"minecraft:stone_sword":1,"minecraft:iron_leggings":1,"minecraft:gold_ingot":15,"minecraft:white_bed":1,"minecraft:torch":68,"minecraft:lapis_lazuli":99,"minecraft:lapis_block":22},"minecraft:used":{"minecraft:oak_fence":2,"minecraft:rose_bush":1,"minecraft:armor_stand":12,"minecraft:ladder":12,"minecraft:chest":5,"minecraft:spruce_planks":3,"minecraft:shield":21,"minecraft:iron_sword":3,"minecraft:oak_door":8,"minecraft:torch":93,"minecraft:dirt":7,"minecraft:granite":10,"minecraft:lantern":10,"minecraft:iron_axe":248,"minecraft:iron_block":1,"minecraft:birch_sapling":3,"minecraft:stone_bricks":13,"minecraft:item_frame":1,"minecraft:bow":6,"minecraft:beef":2,"minecraft:hay_block":2,"minecraft:oak_sapling":2,"minecraft:furnace":5,"tombstone:gift":2,"minecraft:egg":2,"minecraft:cooked_beef":12,"minecraft:cooked_mutton":1,"minecraft:diorite":14,"minecraft:iron_ore":2,"minecraft:birch_planks":7,"minecraft:oak_planks":268,"minecraft:stone_pickaxe":71,"minecraft:wooden_pickaxe":7,"minecraft:redstone_block":5,"minecraft:crafting_table":23,"minecraft:blast_furnace":8,"minecraft:white_bed":6,"minecraft:oak_log":5,"minecraft:bread":8,"minecraft:iron_pickaxe":1850,"minecraft:iron_door":1,"minecraft:gravel":1,"minecraft:stone_axe":1,"minecraft:coal_block":3,"minecraft:cobblestone":140,"minecraft:cooked_porkchop":15,"minecraft:smithing_table":1,"minecraft:andesite":17,"minecraft:experience_bottle":2},"minecraft:broken":{"minecraft:iron_axe":1,"minecraft:stone_axe":1,"minecraft:iron_pickaxe":7},"minecraft:dropped":{"minecraft:enchanted_book":2,"minecraft:iron_sword":1,"minecraft:wheat_seeds":1,"minecraft:lapis_lazuli":4,"minecraft:golden_helmet":1,"minecraft:crafting_table":1,"minecraft:cooked_porkchop":5,"minecraft:iron_helmet":3,"minecraft:cobblestone":84,"minecraft:lantern":2,"minecraft:leather":12,"minecraft:apple":8,"minecraft:coal_block":73,"minecraft:cod":4,"minecraft:dirt":14,"minecraft:diorite":8,"minecraft:cornflower":1,"minecraft:iron_leggings":1,"minecraft:smooth_stone":1,"minecraft:paper":3,"minecraft:string":5,"minecraft:oak_door":2,"minecraft:redstone":305,"minecraft:bone":4,"minecraft:gravel":3,"minecraft:stone_axe":1,"minecraft:compass":1,"minecraft:sugar_cane":36,"minecraft:stone_sword":1,"minecraft:wheat":1,"minecraft:rotten_flesh":7,"minecraft:oak_planks":20,"minecraft:stripped_oak_log":1,"minecraft:shield":1,"minecraft:iron_chestplate":2,"minecraft:andesite":3,"minecraft:chainmail_boots":2,"minecraft:golden_leggings":1,"minecraft:spider_eye":2,"minecraft:arrow":3,"minecraft:beef":90,"minecraft:stone_pickaxe":1}},"DataVersion":2586}