{"stats":{"minecraft:broken":{"minecraft:stone_axe":1,"minecraft:iron_pickaxe":6},"minecraft:used":{"minecraft:diorite":14,"minecraft:iron_ore":2,"minecraft:birch_planks":7,"minecraft:stone_pickaxe":71,"minecraft:spruce_planks":3,"minecraft:wooden_pickaxe":7,"minecraft:torch":93,"minecraft:dirt":4,"minecraft:crafting_table":10,"minecraft:blast_furnace":1,"minecraft:granite":10,"minecraft:iron_axe":14,"minecraft:birch_sapling":3,"minecraft:iron_pickaxe":1716,"minecraft:gravel":1,"minecraft:stone_axe":1,"minecraft:cobblestone":139,"minecraft:beef":2,"minecraft:oak_sapling":2,"minecraft:furnace":5,"minecraft:andesite":17,"minecraft:cooked_beef":4},"minecraft:crafted":{"minecraft:cooked_beef":12,"minecraft:oak_planks":48,"minecraft:cooked_porkchop":10,"minecraft:crafting_table":2,"minecraft:spruce_planks":8,"minecraft:wooden_pickaxe":1,"minecraft:furnace":2,"minecraft:birch_planks":24,"minecraft:stone_axe":1,"minecraft:cooked_mutton":3,"minecraft:shield":1,"minecraft:iron_axe":1,"minecraft:stick":32,"minecraft:iron_ingot":51,"minecraft:iron_pickaxe":7,"minecraft:stone_pickaxe":1,"minecraft:stone_sword":1,"minecraft:torch":68},"minecraft:picked_up":{"minecraft:birch_log":6,"minecraft:crafting_table":8,"minecraft:andesite":77,"minecraft:flint":5,"minecraft:oak_log":12,"minecraft:lapis_lazuli":101,"minecraft:dirt":46,"minecraft:spruce_planks":6,"minecraft:beef":14,"minecraft:iron_ore":99,"minecraft:sugar_cane":1,"minecraft:iron_sword":1,"minecraft:birch_sapling":3,"minecraft:furnace":4,"minecraft:stick":8,"minecraft:cooked_porkchop":10,"minecraft:torch":43,"minecraft:gravel":113,"minecraft:porkchop":10,"minecraft:blast_furnace":2,"minecraft:diorite":98,"minecraft:spruce_log":2,"minecraft:gold_ore":15,"minecraft:redstone":366,"minecraft:arrow":2,"minecraft:diamond":19,"minecraft:stone_axe":1,"minecraft:granite":58,"minecraft:bread":16,"minecraft:oak_sapling":2,"minecraft:mutton":4,"minecraft:coal":441,"minecraft:white_wool":1,"minecraft:cobblestone":895},"minecraft:mined":{"minecraft:diamond_ore":19,"minecraft:spruce_planks":6,"minecraft:crafting_table":8,"minecraft:torch":24,"minecraft:granite":58,"minecraft:blast_furnace":1,"minecraft:grass_block":7,"minecraft:cobblestone":10,"minecraft:lapis_ore":15,"minecraft:diorite":98,"minecraft:wall_torch":9,"minecraft:redstone_ore":82,"minecraft:furnace":4,"minecraft:iron_ore":82,"minecraft:spruce_log":2,"minecraft:andesite":78,"minecraft:grass":4,"minecraft:coal_ore":419,"minecraft:gravel":34,"minecraft:dirt":42,"minecraft:stone":887,"minecraft:gold_ore":15},"minecraft:dropped":{"minecraft:gravel":3,"minecraft:stone_axe":1,"minecraft:stone_sword":1,"minecraft:cobblestone":70,"minecraft:dirt":14,"minecraft:diorite":8,"minecraft:andesite":3,"minecraft:stone_pickaxe":1},"minecraft:killed":{"minecraft:sheep":1,"minecraft:cow":1},"minecraft:custom":{"minecraft:interact_with_furnace":28,"minecraft:mob_kills":1,"minecraft:interact_with_crafting_table":22,"minecraft:play_one_minute":74737,"minecraft:time_since_death":74737,"minecraft:time_since_rest":74737,"minecraft:sprint_one_cm":81615,"minecraft:damage_taken":70,"minecraft:walk_one_cm":154860,"minecraft:drop":9,"minecraft:damage_dealt":80,"minecraft:swim_one_cm":1101,"minecraft:fly_one_cm":117700,"minecraft:crouch_one_cm":4167,"minecraft:sneak_time":1178,"minecraft:walk_under_water_one_cm":196,"minecraft:jump":755,"minecraft:interact_with_blast_furnace":6,"minecraft:walk_on_water_one_cm":2180,"minecraft:fall_one_cm":11402}},"DataVersion":2586}