{"stats":{"minecraft:broken":{"minecraft:stone_axe":1,"minecraft:shield":1,"minecraft:iron_axe":5,"minecraft:iron_pickaxe":9,"minecraft:iron_helmet":1},"minecraft:killed":{"minecraft:zombified_piglin":1,"minecraft:witch":2,"minecraft:spider":23,"minecraft:dolphin":1,"minecraft:skeleton":32,"minecraft:silverfish":5,"minecraft:zombie_villager":1,"minecraft:creeper":13,"minecraft:sheep":6,"minecraft:pillager":6,"minecraft:zombie":44,"minecraft:cow":24,"minecraft:vindicator":1,"minecraft:phantom":1,"supplementaries:firefly":1,"minecraft:drowned":2,"minecraft:squid":1,"minecraft:enderman":4},"minecraft:used":{"minecraft:writable_book":1,"minecraft:ladder":12,"minecraft:chest":5,"minecraft:shield":167,"minecraft:iron_sword":126,"paraglider:goddess_statue":3,"minecraft:lantern":12,"minecraft:birch_sapling":3,"minecraft:stone_bricks":29,"minecraft:item_frame":2,"minecraft:bow":6,"minecraft:hay_block":5,"minecraft:written_book":1,"minecraft:oak_sapling":8,"minecraft:furnace":5,"minecraft:egg":3,"minecraft:damaged_anvil":1,"minecraft:diorite":25,"minecraft:oak_planks":351,"minecraft:stone_pickaxe":71,"minecraft:wooden_pickaxe":7,"minecraft:redstone_block":5,"minecraft:sugar_cane":36,"minecraft:sand":5,"minecraft:blast_furnace":13,"minecraft:firework_rocket":1,"minecraft:stone_button":3,"minecraft:bread":162,"minecraft:iron_door":1,"minecraft:gravel":8,"minecraft:coal_block":3,"minecraft:smithing_table":2,"minecraft:andesite":35,"minecraft:oak_boat":7,"minecraft:bone_meal":18,"minecraft:experience_bottle":4,"minecraft:oak_fence":3,"minecraft:rose_bush":10,"minecraft:armor_stand":13,"minecraft:spruce_planks":3,"minecraft:cooked_chicken":1,"minecraft:oak_door":8,"minecraft:torch":292,"minecraft:dirt":181,"minecraft:brewing_stand":1,"minecraft:anvil":1,"minecraft:granite":33,"minecraft:spruce_fence":20,"tombstone:ankh_of_pray":30,"minecraft:chipped_anvil":1,"minecraft:iron_block":1,"minecraft:iron_axe":750,"minecraft:oak_stairs":1,"minecraft:bamboo":2,"minecraft:beef":2,"tombstone:gift":4,"minecraft:stone_pressure_plate":2,"minecraft:cooked_beef":12,"minecraft:wheat_seeds":13,"minecraft:cooked_mutton":2,"minecraft:iron_ore":3,"minecraft:birch_planks":7,"minecraft:crafting_table":43,"minecraft:white_bed":18,"minecraft:smoker":4,"tombstone:bag_of_seeds":1,"minecraft:oak_log":6,"minecraft:diamond_pickaxe":4324,"minecraft:sunflower":87,"minecraft:iron_pickaxe":2260,"minecraft:map":1,"minecraft:stone_axe":1,"minecraft:cobblestone":960,"minecraft:cooked_porkchop":15},"minecraft:dropped":{"minecraft:iron_sword":4,"minecraft:piston":1,"minecraft:lapis_lazuli":13,"minecraft:golden_pickaxe":1,"minecraft:ender_pearl":8,"minecraft:diamond":46,"minecraft:crafting_table":1,"minecraft:cooked_porkchop":5,"minecraft:crossbow":2,"minecraft:lantern":4,"minecraft:leather":12,"minecraft:leather_helmet":4,"minecraft:cod":4,"minecraft:flint":3,"minecraft:emerald":44,"minecraft:dirt":49,"minecraft:netherite_scrap":1,"minecraft:stone_button":1,"minecraft:cornflower":1,"minecraft:writable_book":1,"minecraft:iron_pickaxe":3,"minecraft:white_wool":5,"minecraft:armor_stand":2,"minecraft:gold_ingot":26,"minecraft:bone":14,"minecraft:oak_door":9,"minecraft:gravel":4,"minecraft:stone_axe":1,"minecraft:compass":1,"minecraft:sugar_cane":36,"minecraft:iron_nugget":2,"tombstone:impregnated_diamond":1,"minecraft:wheat":1,"minecraft:rotten_flesh":38,"minecraft:oak_planks":24,"minecraft:glowstone_dust":1,"minecraft:blaze_powder":22,"minecraft:cooked_mutton":6,"minecraft:white_bed":1,"minecraft:poppy":1,"minecraft:leather_chestplate":3,"supplementaries:flax_seeds":1,"minecraft:gunpowder":9,"minecraft:chainmail_boots":3,"minecraft:leather_leggings":5,"minecraft:arrow":8,"minecraft:beef":90,"minecraft:quartz":1,"minecraft:written_book":2,"minecraft:netherrack":3,"minecraft:firework_rocket":1,"minecraft:enchanted_book":3,"minecraft:iron_ingot":56,"minecraft:bread":458,"minecraft:wheat_seeds":11,"minecraft:golden_helmet":1,"minecraft:iron_helmet":16,"minecraft:cobblestone":374,"minecraft:book":256,"minecraft:apple":9,"minecraft:golden_apple":2,"minecraft:coal_block":73,"tombstone:ankh_of_pray":1,"minecraft:stick":14,"minecraft:iron_block":1,"tombstone:dust_of_vanishing":2,"minecraft:diorite":22,"minecraft:ink_sac":8,"minecraft:iron_door":1,"tombstone:grave_dust":2,"minecraft:iron_leggings":5,"minecraft:iron_axe":1,"minecraft:smooth_stone":1,"minecraft:iron_shovel":1,"minecraft:paper":530,"minecraft:string":52,"minecraft:spruce_sapling":1,"minecraft:lapis_block":11,"minecraft:redstone_block":44,"minecraft:redstone":314,"minecraft:polished_diorite":12,"minecraft:stone_sword":1,"minecraft:cocoa_beans":1,"minecraft:iron_boots":8,"minecraft:stripped_oak_log":1,"minecraft:name_tag":2,"minecraft:spruce_fence":8,"minecraft:pumpkin_seeds":6,"minecraft:filled_map":2,"minecraft:shield":3,"minecraft:spruce_planks":3,"minecraft:diamond_pickaxe":1,"minecraft:iron_chestplate":9,"minecraft:andesite":7,"minecraft:golden_leggings":1,"minecraft:oak_sapling":8,"minecraft:spider_eye":3,"minecraft:stone_bricks":1,"minecraft:diamond_boots":3,"minecraft:bow":2,"minecraft:stone_pickaxe":1,"supplementaries:flute":2},"minecraft:crafted":{"minecraft:black_dye":2,"minecraft:oak_planks":472,"minecraft:cooked_mutton":8,"minecraft:glass":10,"tombstone:dust_of_vanishing":3,"minecraft:iron_boots":4,"minecraft:chest":6,"minecraft:dried_kelp_block":16,"supplementaries:flute":1,"minecraft:oak_slab":6,"sophisticatedbackpacks:backpack":1,"minecraft:emerald":18,"minecraft:cooked_porkchop":10,"minecraft:crafting_table":7,"minecraft:spruce_planks":8,"minecraft:wooden_pickaxe":1,"minecraft:iron_helmet":1,"tombstone:impregnated_diamond":1,"minecraft:gold_block":3,"minecraft:hay_block":4,"minecraft:birch_planks":24,"minecraft:iron_chestplate":1,"mining_helmet:mining_helmet":1,"minecraft:paper":510,"minecraft:diamond_pickaxe":1,"minecraft:shield":2,"sophisticatedbackpacks:diamond_backpack":4,"minecraft:stick":112,"minecraft:iron_ingot":273,"minecraft:iron_pickaxe":11,"minecraft:iron_block":19,"minecraft:stone_sword":1,"minecraft:gold_ingot":54,"minecraft:oak_door":3,"minecraft:redstone":369,"minecraft:coal":729,"minecraft:furnace":2,"minecraft:bone_meal":18,"minecraft:diamond_block":17,"minecraft:diamond":90,"minecraft:polished_diorite":12,"minecraft:iron_axe":5,"minecraft:stone_pickaxe":1,"minecraft:redstone_block":144,"minecraft:wheat":1728,"sophisticatedbackpacks:iron_backpack":1,"minecraft:cooked_beef":12,"minecraft:coal_block":390,"minecraft:diamond_sword":1,"minecraft:dried_kelp":152,"tombstone:ankh_of_pray":1,"sophisticatedbackpacks:gold_backpack":1,"minecraft:stone_axe":1,"minecraft:bread":576,"minecraft:blue_dye":1,"minecraft:oak_boat":4,"minecraft:golden_apple":1,"minecraft:iron_leggings":1,"minecraft:white_bed":2,"minecraft:torch":272,"minecraft:lapis_lazuli":117,"minecraft:lapis_block":89,"tombstone:bone_needle":1},"minecraft:custom":{"minecraft:interact_with_crafting_table":172,"minecraft:open_barrel":6,"minecraft:eat_cake_slice":4,"minecraft:leave_game":9,"minecraft:time_since_death":868954,"minecraft:sprint_one_cm":1625787,"minecraft:damage_blocked_by_shield":7355,"minecraft:drop":467,"minecraft:talked_to_villager":37,"minecraft:jump":8249,"minecraft:interact_with_brewingstand":3,"minecraft:enchant_item":1,"minecraft:walk_on_water_one_cm":54417,"minecraft:interact_with_furnace":116,"minecraft:traded_with_villager":21,"minecraft:play_one_minute":868954,"minecraft:sleep_in_bed":15,"minecraft:damage_dealt":31665,"minecraft:crouch_one_cm":26567,"tombstone:undead_killed":81,"minecraft:interact_with_smoker":72,"minecraft:interact_with_smithing_table":8,"minecraft:interact_with_anvil":10,"minecraft:mob_kills":178,"minecraft:damage_dealt_resisted":324,"minecraft:climb_one_cm":18867,"minecraft:walk_one_cm":1827161,"minecraft:damage_dealt_absorbed":80,"minecraft:target_hit":6,"minecraft:sneak_time":8931,"minecraft:walk_under_water_one_cm":12135,"minecraft:boat_one_cm":56708,"minecraft:interact_with_blast_furnace":64,"tombstone:raider_killed":10,"minecraft:raid_trigger":1,"minecraft:time_since_rest":65865,"minecraft:damage_taken":7873,"minecraft:swim_one_cm":79267,"minecraft:fly_one_cm":1661458,"minecraft:open_chest":198,"minecraft:fall_one_cm":197983},"minecraft:mined":{"minecraft:white_bed":20,"minecraft:spruce_planks":8,"minecraft:stone_pressure_plate":2,"minecraft:oak_sapling":1,"minecraft:brewing_stand":1,"minecraft:granite":193,"minecraft:grass_block":58,"minecraft:coal_block":57,"minecraft:oxeye_daisy":1,"minecraft:spawner":1,"minecraft:iron_ore":308,"minecraft:anvil":2,"minecraft:blue_orchid":9,"minecraft:iron_block":7,"minecraft:kelp_plant":25,"minecraft:smoker":7,"minecraft:clay":9,"minecraft:torch":72,"minecraft:blast_furnace":11,"minecraft:poppy":1,"minecraft:cobblestone":159,"minecraft:sugar_cane":1126,"minecraft:oak_planks":96,"minecraft:damaged_anvil":2,"minecraft:iron_door":4,"minecraft:wall_torch":26,"minecraft:seagrass":1,"minecraft:wheat":3,"minecraft:tnt":1,"minecraft:grass":110,"minecraft:oak_log":16,"minecraft:sand":3,"minecraft:dirt":148,"minecraft:piston":1,"minecraft:oak_leaves":5,"minecraft:diamond_ore":67,"minecraft:oak_door":3,"minecraft:ladder":12,"minecraft:stone_button":1,"minecraft:spruce_fence":20,"minecraft:kelp":10,"minecraft:hay_block":270,"minecraft:redstone_ore":183,"minecraft:furnace":4,"minecraft:andesite":204,"minecraft:gold_block":1,"minecraft:bookshelf":74,"minecraft:lantern":1,"minecraft:stripped_oak_log":2,"minecraft:bamboo":2,"minecraft:stone":3418,"supplementaries:wall_lantern":1,"minecraft:smithing_table":2,"minecraft:redstone_block":9,"minecraft:oak_fence":3,"minecraft:crafting_table":38,"minecraft:cornflower":1,"minecraft:emerald_ore":10,"minecraft:rose_bush":1,"minecraft:tall_grass":19,"minecraft:lapis_ore":53,"minecraft:diorite":254,"minecraft:birch_planks":2,"minecraft:spruce_log":2,"minecraft:coal_ore":1525,"minecraft:sunflower":87,"minecraft:gravel":83,"minecraft:cobweb":26,"minecraft:cracked_stone_bricks":1,"minecraft:stone_bricks":30,"minecraft:gold_ore":69,"minecraft:chipped_anvil":1,"minecraft:infested_stone":7,"paraglider:goddess_statue":4},"minecraft:picked_up":{"minecraft:iron_chestplate":20,"minecraft:wheat":5,"minecraft:redstone_block":53,"minecraft:chainmail_boots":3,"minecraft:anvil":2,"minecraft:smithing_table":2,"minecraft:diamond_sword":1,"minecraft:oak_stairs":1,"minecraft:enchanted_book":11,"minecraft:brewing_stand":1,"minecraft:lapis_block":18,"paraglider:goddess_statue":5,"minecraft:string":57,"minecraft:smooth_stone_slab":1,"minecraft:iron_leggings":15,"minecraft:armor_stand":19,"minecraft:experience_bottle":4,"minecraft:diamond_leggings":1,"minecraft:smooth_stone":3,"minecraft:spruce_planks":9,"minecraft:rose_bush":10,"minecraft:written_book":1,"minecraft:iron_pickaxe":3,"minecraft:coal_block":130,"minecraft:furnace":4,"minecraft:iron_boots":15,"minecraft:golden_helmet":5,"minecraft:stick":23,"minecraft:oak_fence":12,"minecraft:torch":195,"minecraft:porkchop":10,"tombstone:grave_dust":23,"minecraft:diorite":252,"minecraft:rotten_flesh":54,"minecraft:iron_block":8,"minecraft:cod":1,"minecraft:blaze_powder":22,"minecraft:cobblestone":3721,"minecraft:birch_log":6,"minecraft:leather_chestplate":3,"minecraft:cooked_beef":1,"minecraft:magma_cream":10,"minecraft:iron_door":4,"minecraft:andesite":214,"minecraft:golden_leggings":4,"minecraft:smoker":7,"paraglider:spirit_orb":8,"minecraft:flint":16,"supplementaries:flax_seeds":1,"supplementaries:flute":1,"minecraft:map":1,"minecraft:lapis_lazuli":712,"minecraft:dirt":332,"minecraft:lantern":18,"minecraft:bone":35,"minecraft:chipped_anvil":1,"minecraft:bow":4,"minecraft:wheat_seeds":34,"minecraft:mossy_stone_bricks":5,"minecraft:glowstone_dust":2,"minecraft:diamond_helmet":1,"minecraft:bamboo":7,"minecraft:stone_hoe":1,"minecraft:oak_planks":110,"minecraft:cooked_porkchop":10,"minecraft:sand":6,"minecraft:ink_sac":16,"minecraft:diamond":131,"minecraft:writable_book":2,"minecraft:crossbow":6,"minecraft:granite":214,"minecraft:emerald":55,"minecraft:bread":85,"minecraft:oak_sapling":16,"minecraft:netherrack":3,"minecraft:diamond_pickaxe":1,"minecraft:cocoa_beans":1,"minecraft:crafting_table":40,"tombstone:dust_of_vanishing":1,"minecraft:ladder":12,"minecraft:clay_ball":36,"minecraft:golden_pickaxe":1,"minecraft:leather_leggings":5,"minecraft:gold_block":1,"minecraft:shield":15,"minecraft:cornflower":2,"minecraft:iron_axe":1,"minecraft:netherite_scrap":1,"minecraft:item_frame":2,"minecraft:iron_shovel":1,"tombstone:impregnated_diamond":1,"minecraft:blue_orchid":8,"minecraft:cracked_stone_bricks":7,"minecraft:beef":105,"minecraft:oak_boat":5,"minecraft:iron_nugget":2,"minecraft:poppy":1,"minecraft:sugar_cane":1962,"minecraft:birch_sapling":3,"minecraft:piston":1,"minecraft:egg":6,"tombstone:ankh_of_pray":1,"minecraft:oak_door":14,"minecraft:spruce_fence":28,"minecraft:cake":1,"minecraft:stone_button":5,"minecraft:cookie":2,"minecraft:redstone":1260,"minecraft:stone_pressure_plate":2,"minecraft:tnt":2,"minecraft:arrow":50,"minecraft:diamond_chestplate":1,"minecraft:pumpkin_pie":5,"minecraft:diamond_boots":7,"minecraft:hay_block":266,"minecraft:saddle":1,"minecraft:gold_ingot":21,"minecraft:mutton":12,"minecraft:white_wool":11,"minecraft:stripped_oak_log":2,"minecraft:leather":30,"minecraft:filled_map":1,"minecraft:birch_planks":2,"minecraft:oak_log":196,"artifacts:superstitious_hat":1,"minecraft:gunpowder":32,"minecraft:paper":391,"minecraft:white_banner":3,"tombstone:gift":1,"minecraft:cooked_mutton":2,"minecraft:apple":10,"minecraft:stone_bricks":35,"minecraft:kelp":152,"minecraft:iron_ingot":60,"minecraft:cooked_chicken":1,"minecraft:iron_ore":330,"tombstone:bag_of_seeds":1,"minecraft:iron_sword":7,"minecraft:book":349,"minecraft:oak_slab":6,"minecraft:quartz":1,"minecraft:gravel":198,"minecraft:spruce_sapling":1,"minecraft:blast_furnace":13,"minecraft:white_bed":18,"minecraft:spruce_log":2,"minecraft:gold_ore":74,"minecraft:spider_eye":4,"minecraft:leather_helmet":4,"minecraft:firework_rocket":2,"minecraft:pumpkin_seeds":6,"minecraft:stone_axe":1,"minecraft:iron_helmet":28,"tombstone:magic_scroll":3,"minecraft:damaged_anvil":2,"minecraft:coal":2955,"minecraft:sunflower":87,"minecraft:ender_pearl":9}},"DataVersion":2586}