{"stats":{"minecraft:mined":{"minecraft:diamond_ore":19,"minecraft:spruce_planks":8,"minecraft:white_bed":10,"minecraft:oak_door":3,"minecraft:spruce_fence":17,"minecraft:ladder":12,"minecraft:granite":58,"minecraft:grass_block":25,"minecraft:coal_block":41,"minecraft:oxeye_daisy":1,"minecraft:hay_block":195,"minecraft:redstone_ore":82,"minecraft:furnace":4,"minecraft:iron_ore":82,"minecraft:andesite":80,"minecraft:gold_block":1,"minecraft:bookshelf":42,"minecraft:stripped_oak_log":1,"minecraft:blue_orchid":9,"minecraft:stone":922,"minecraft:iron_block":7,"minecraft:smithing_table":2,"minecraft:redstone_block":7,"minecraft:smoker":5,"minecraft:oak_fence":1,"minecraft:crafting_table":23,"minecraft:torch":24,"minecraft:blast_furnace":9,"minecraft:poppy":1,"minecraft:rose_bush":1,"minecraft:tall_grass":10,"minecraft:cobblestone":46,"minecraft:lapis_ore":15,"minecraft:sugar_cane":82,"minecraft:oak_planks":55,"minecraft:iron_door":1,"minecraft:diorite":98,"minecraft:wall_torch":10,"minecraft:birch_planks":2,"minecraft:spruce_log":2,"minecraft:grass":77,"minecraft:oak_log":15,"minecraft:coal_ore":466,"minecraft:sunflower":16,"minecraft:gravel":37,"minecraft:dirt":56,"minecraft:stone_bricks":13,"minecraft:gold_ore":15,"minecraft:oak_leaves":3},"minecraft:picked_up":{"tombstone:dust_of_vanishing":1,"minecraft:crafting_table":25,"minecraft:iron_chestplate":16,"minecraft:leather_leggings":5,"minecraft:redstone_block":7,"minecraft:chainmail_boots":3,"minecraft:ladder":12,"minecraft:golden_pickaxe":1,"minecraft:smithing_table":2,"minecraft:oak_stairs":1,"minecraft:gold_block":1,"minecraft:enchanted_book":7,"minecraft:shield":3,"minecraft:lapis_block":6,"minecraft:cornflower":1,"minecraft:string":9,"minecraft:iron_leggings":13,"minecraft:item_frame":2,"minecraft:armor_stand":19,"minecraft:experience_bottle":3,"minecraft:blue_orchid":8,"minecraft:smooth_stone":3,"minecraft:spruce_planks":8,"minecraft:beef":104,"minecraft:oak_boat":1,"minecraft:rose_bush":1,"minecraft:poppy":1,"minecraft:coal_block":114,"minecraft:sugar_cane":221,"minecraft:birch_sapling":3,"minecraft:furnace":4,"minecraft:iron_boots":12,"minecraft:egg":3,"minecraft:golden_helmet":5,"minecraft:stick":10,"minecraft:oak_door":7,"minecraft:spruce_fence":19,"minecraft:oak_fence":10,"minecraft:torch":45,"minecraft:porkchop":10,"minecraft:cake":1,"minecraft:stone_button":1,"minecraft:cookie":2,"tombstone:grave_dust":3,"minecraft:diorite":98,"minecraft:redstone":673,"minecraft:arrow":10,"minecraft:rotten_flesh":14,"minecraft:diamond_boots":3,"minecraft:hay_block":191,"minecraft:iron_block":7,"minecraft:saddle":1,"minecraft:gold_ingot":10,"minecraft:mutton":12,"minecraft:white_wool":6,"minecraft:cobblestone":967,"minecraft:birch_log":6,"minecraft:stripped_oak_log":2,"minecraft:leather_chestplate":3,"minecraft:cooked_beef":1,"minecraft:iron_door":1,"minecraft:andesite":79,"minecraft:leather":28,"minecraft:golden_leggings":4,"minecraft:smoker":5,"minecraft:birch_planks":2,"minecraft:flint":7,"minecraft:oak_log":156,"minecraft:map":1,"minecraft:gunpowder":14,"minecraft:white_banner":3,"minecraft:paper":4,"minecraft:lapis_lazuli":103,"minecraft:dirt":119,"minecraft:lantern":14,"tombstone:gift":1,"minecraft:cooked_mutton":1,"minecraft:bone":7,"minecraft:apple":7,"minecraft:stone_bricks":13,"minecraft:bow":1,"minecraft:wheat_seeds":12,"minecraft:iron_ingot":3,"minecraft:cooked_chicken":1,"minecraft:iron_ore":100,"minecraft:glowstone_dust":1,"minecraft:stone_hoe":1,"minecraft:iron_sword":4,"minecraft:oak_planks":73,"minecraft:book":128,"minecraft:oak_slab":6,"minecraft:cooked_porkchop":10,"minecraft:quartz":1,"minecraft:gravel":114,"minecraft:blast_furnace":10,"minecraft:white_bed":8,"minecraft:spruce_log":2,"minecraft:gold_ore":20,"minecraft:spider_eye":3,"minecraft:leather_helmet":4,"minecraft:firework_rocket":1,"minecraft:diamond":19,"minecraft:stone_axe":1,"minecraft:writable_book":2,"minecraft:iron_helmet":16,"minecraft:crossbow":6,"minecraft:granite":58,"minecraft:emerald":3,"minecraft:bread":83,"minecraft:oak_sapling":4,"minecraft:coal":603,"minecraft:ender_pearl":1,"minecraft:sunflower":15},"minecraft:custom":{"minecraft:interact_with_smithing_table":3,"minecraft:interact_with_anvil":2,"minecraft:mob_kills":71,"minecraft:interact_with_crafting_table":74,"minecraft:open_barrel":6,"minecraft:eat_cake_slice":1,"minecraft:leave_game":2,"minecraft:time_since_death":388147,"minecraft:climb_one_cm":15202,"minecraft:sprint_one_cm":709208,"minecraft:walk_one_cm":828845,"minecraft:damage_blocked_by_shield":3620,"minecraft:drop":158,"minecraft:damage_dealt_absorbed":80,"minecraft:talked_to_villager":6,"minecraft:target_hit":6,"minecraft:sneak_time":3238,"minecraft:walk_under_water_one_cm":3337,"minecraft:boat_one_cm":207,"minecraft:interact_with_brewingstand":1,"minecraft:jump":4086,"minecraft:interact_with_blast_furnace":27,"minecraft:walk_on_water_one_cm":23311,"minecraft:interact_with_furnace":83,"tombstone:raider_killed":9,"minecraft:play_one_minute":388147,"minecraft:raid_trigger":1,"minecraft:sleep_in_bed":9,"minecraft:time_since_rest":5240,"minecraft:damage_taken":4001,"minecraft:damage_dealt":10930,"minecraft:swim_one_cm":18940,"minecraft:fly_one_cm":876776,"minecraft:open_chest":140,"minecraft:crouch_one_cm":8537,"tombstone:undead_killed":19,"minecraft:interact_with_smoker":14,"minecraft:fall_one_cm":94737},"minecraft:killed":{"minecraft:witch":2,"minecraft:vindicator":1,"minecraft:spider":9,"minecraft:skeleton":11,"minecraft:drowned":1,"minecraft:creeper":1,"minecraft:sheep":6,"minecraft:pillager":6,"minecraft:zombie":7,"minecraft:cow":23},"minecraft:crafted":{"minecraft:oak_door":3,"minecraft:oak_planks":372,"minecraft:redstone":369,"minecraft:coal":648,"minecraft:furnace":2,"minecraft:cooked_mutton":3,"tombstone:dust_of_vanishing":3,"minecraft:iron_boots":1,"minecraft:iron_axe":3,"minecraft:stone_pickaxe":1,"minecraft:chest":6,"minecraft:redstone_block":81,"minecraft:wheat":576,"minecraft:cooked_beef":12,"minecraft:coal_block":120,"minecraft:oak_slab":6,"sophisticatedbackpacks:backpack":1,"minecraft:cooked_porkchop":10,"minecraft:crafting_table":6,"minecraft:spruce_planks":8,"minecraft:wooden_pickaxe":1,"minecraft:iron_helmet":1,"minecraft:birch_planks":24,"minecraft:hay_block":4,"minecraft:stone_axe":1,"minecraft:bread":192,"minecraft:oak_boat":1,"minecraft:iron_chestplate":1,"minecraft:paper":3,"minecraft:shield":1,"minecraft:stick":48,"minecraft:iron_ingot":125,"minecraft:iron_pickaxe":10,"minecraft:stone_sword":1,"minecraft:iron_leggings":1,"minecraft:gold_ingot":24,"minecraft:white_bed":2,"minecraft:torch":68,"minecraft:lapis_lazuli":99,"minecraft:lapis_block":22},"minecraft:used":{"minecraft:oak_fence":2,"minecraft:rose_bush":1,"minecraft:armor_stand":13,"minecraft:ladder":12,"minecraft:chest":5,"minecraft:spruce_planks":3,"minecraft:shield":66,"minecraft:iron_sword":4,"minecraft:oak_door":8,"minecraft:torch":93,"minecraft:dirt":44,"minecraft:spruce_fence":14,"minecraft:granite":10,"minecraft:lantern":10,"minecraft:iron_axe":395,"minecraft:iron_block":1,"minecraft:oak_stairs":1,"minecraft:birch_sapling":3,"minecraft:stone_bricks":13,"minecraft:item_frame":2,"minecraft:bow":6,"minecraft:beef":2,"minecraft:hay_block":2,"minecraft:oak_sapling":4,"minecraft:furnace":5,"tombstone:gift":2,"minecraft:egg":2,"minecraft:cooked_beef":12,"minecraft:cooked_mutton":1,"minecraft:diorite":14,"minecraft:iron_ore":2,"minecraft:birch_planks":7,"minecraft:oak_planks":305,"minecraft:stone_pickaxe":71,"minecraft:wooden_pickaxe":7,"minecraft:sugar_cane":3,"minecraft:redstone_block":5,"minecraft:crafting_table":27,"minecraft:blast_furnace":10,"minecraft:white_bed":9,"minecraft:smoker":4,"minecraft:oak_log":5,"minecraft:sunflower":15,"minecraft:bread":55,"minecraft:map":1,"minecraft:iron_pickaxe":1925,"minecraft:iron_door":1,"minecraft:gravel":1,"minecraft:stone_axe":1,"minecraft:coal_block":3,"minecraft:cobblestone":161,"minecraft:cooked_porkchop":15,"minecraft:smithing_table":2,"minecraft:andesite":17,"minecraft:oak_boat":1,"minecraft:experience_bottle":3},"minecraft:broken":{"minecraft:iron_axe":1,"minecraft:stone_axe":1,"minecraft:iron_pickaxe":7},"minecraft:dropped":{"minecraft:bread":189,"minecraft:enchanted_book":2,"minecraft:iron_sword":1,"minecraft:wheat_seeds":2,"minecraft:lapis_lazuli":4,"minecraft:golden_helmet":1,"minecraft:crafting_table":1,"minecraft:cooked_porkchop":5,"minecraft:crossbow":2,"minecraft:book":7,"minecraft:iron_helmet":3,"minecraft:cobblestone":117,"minecraft:lantern":4,"minecraft:leather":12,"minecraft:apple":8,"minecraft:leather_helmet":3,"minecraft:coal_block":73,"minecraft:stick":6,"minecraft:cod":4,"minecraft:emerald":3,"minecraft:dirt":34,"minecraft:stone_button":1,"tombstone:dust_of_vanishing":2,"minecraft:diorite":8,"minecraft:cornflower":1,"tombstone:grave_dust":1,"minecraft:iron_leggings":1,"minecraft:writable_book":1,"minecraft:smooth_stone":1,"minecraft:paper":3,"minecraft:string":5,"minecraft:armor_stand":2,"minecraft:gold_ingot":25,"minecraft:oak_door":2,"minecraft:redstone":305,"minecraft:bone":7,"minecraft:gravel":4,"minecraft:stone_axe":1,"minecraft:compass":1,"minecraft:sugar_cane":36,"minecraft:stone_sword":1,"minecraft:wheat":1,"minecraft:rotten_flesh":12,"minecraft:oak_planks":21,"minecraft:stripped_oak_log":1,"minecraft:spruce_fence":2,"minecraft:poppy":1,"minecraft:leather_chestplate":2,"minecraft:shield":1,"minecraft:gunpowder":9,"minecraft:spruce_planks":2,"minecraft:iron_chestplate":2,"minecraft:andesite":5,"minecraft:chainmail_boots":3,"minecraft:golden_leggings":1,"minecraft:leather_leggings":5,"minecraft:spider_eye":2,"minecraft:arrow":5,"minecraft:beef":90,"minecraft:stone_pickaxe":1}},"DataVersion":2586}