{"stats":{"minecraft:crafted":{"minecraft:black_dye":2,"minecraft:oak_planks":448,"minecraft:cooked_mutton":8,"minecraft:glass":10,"tombstone:dust_of_vanishing":3,"minecraft:iron_boots":4,"minecraft:chest":6,"supplementaries:flute":1,"minecraft:oak_slab":6,"sophisticatedbackpacks:backpack":1,"minecraft:emerald":3,"minecraft:cooked_porkchop":10,"minecraft:crafting_table":6,"minecraft:spruce_planks":8,"minecraft:wooden_pickaxe":1,"minecraft:iron_helmet":1,"minecraft:hay_block":4,"minecraft:birch_planks":24,"minecraft:iron_chestplate":1,"mining_helmet:mining_helmet":1,"minecraft:paper":510,"minecraft:diamond_pickaxe":1,"minecraft:shield":2,"sophisticatedbackpacks:diamond_backpack":4,"minecraft:stick":72,"minecraft:iron_ingot":134,"minecraft:iron_pickaxe":10,"minecraft:stone_sword":1,"minecraft:gold_ingot":24,"minecraft:oak_door":3,"minecraft:redstone":369,"minecraft:coal":729,"minecraft:furnace":2,"minecraft:diamond_block":16,"minecraft:diamond":90,"minecraft:polished_diorite":12,"minecraft:iron_axe":4,"minecraft:stone_pickaxe":1,"minecraft:redstone_block":127,"minecraft:wheat":1728,"sophisticatedbackpacks:iron_backpack":1,"minecraft:cooked_beef":12,"minecraft:coal_block":221,"minecraft:dried_kelp":152,"sophisticatedbackpacks:gold_backpack":1,"minecraft:stone_axe":1,"minecraft:bread":576,"minecraft:blue_dye":1,"minecraft:oak_boat":2,"minecraft:golden_apple":1,"minecraft:iron_leggings":1,"minecraft:white_bed":2,"minecraft:torch":148,"minecraft:lapis_lazuli":99,"minecraft:lapis_block":36},"minecraft:used":{"minecraft:ladder":12,"minecraft:chest":5,"minecraft:shield":123,"minecraft:iron_sword":47,"minecraft:lantern":12,"minecraft:birch_sapling":3,"minecraft:stone_bricks":29,"minecraft:item_frame":2,"minecraft:bow":6,"minecraft:hay_block":5,"minecraft:oak_sapling":6,"minecraft:furnace":5,"minecraft:egg":2,"minecraft:diorite":23,"minecraft:stone_pickaxe":71,"minecraft:oak_planks":315,"minecraft:wooden_pickaxe":7,"minecraft:redstone_block":5,"minecraft:sugar_cane":32,"minecraft:sand":4,"minecraft:blast_furnace":10,"minecraft:stone_button":3,"minecraft:bread":104,"minecraft:iron_door":1,"minecraft:gravel":8,"minecraft:coal_block":3,"minecraft:smithing_table":2,"minecraft:andesite":33,"minecraft:oak_boat":2,"minecraft:experience_bottle":4,"minecraft:oak_fence":3,"minecraft:rose_bush":1,"minecraft:armor_stand":13,"minecraft:spruce_planks":3,"minecraft:cooked_chicken":1,"minecraft:oak_door":8,"minecraft:torch":219,"minecraft:dirt":134,"minecraft:brewing_stand":1,"minecraft:granite":28,"minecraft:spruce_fence":20,"minecraft:chipped_anvil":1,"minecraft:iron_block":1,"minecraft:iron_axe":524,"minecraft:oak_stairs":1,"minecraft:bamboo":2,"minecraft:beef":2,"tombstone:gift":2,"minecraft:stone_pressure_plate":2,"minecraft:cooked_beef":12,"minecraft:wheat_seeds":13,"minecraft:cooked_mutton":2,"minecraft:iron_ore":2,"minecraft:birch_planks":7,"minecraft:crafting_table":32,"minecraft:white_bed":17,"minecraft:smoker":4,"minecraft:oak_log":6,"minecraft:diamond_pickaxe":2431,"minecraft:sunflower":87,"minecraft:iron_pickaxe":2260,"minecraft:map":1,"minecraft:stone_axe":1,"minecraft:cobblestone":726,"minecraft:cooked_porkchop":15},"minecraft:dropped":{"minecraft:iron_sword":1,"minecraft:piston":1,"minecraft:lapis_lazuli":6,"minecraft:golden_pickaxe":1,"minecraft:ender_pearl":1,"minecraft:diamond":43,"minecraft:crafting_table":1,"minecraft:cooked_porkchop":5,"minecraft:crossbow":2,"minecraft:lantern":4,"minecraft:leather":12,"minecraft:leather_helmet":4,"minecraft:cod":4,"minecraft:flint":3,"minecraft:emerald":16,"minecraft:dirt":36,"minecraft:netherite_scrap":1,"minecraft:stone_button":1,"minecraft:cornflower":1,"minecraft:writable_book":1,"minecraft:iron_pickaxe":2,"minecraft:armor_stand":2,"minecraft:gold_ingot":26,"minecraft:bone":12,"minecraft:oak_door":9,"minecraft:gravel":4,"minecraft:stone_axe":1,"minecraft:compass":1,"minecraft:sugar_cane":36,"minecraft:iron_nugget":2,"minecraft:wheat":1,"minecraft:rotten_flesh":20,"minecraft:oak_planks":24,"minecraft:glowstone_dust":1,"minecraft:blaze_powder":22,"minecraft:white_bed":1,"minecraft:poppy":1,"minecraft:leather_chestplate":3,"minecraft:gunpowder":9,"minecraft:chainmail_boots":3,"minecraft:leather_leggings":5,"minecraft:arrow":5,"minecraft:beef":90,"minecraft:quartz":1,"minecraft:netherrack":3,"minecraft:firework_rocket":1,"minecraft:enchanted_book":2,"minecraft:iron_ingot":56,"minecraft:bread":409,"minecraft:wheat_seeds":5,"minecraft:golden_helmet":1,"minecraft:iron_helmet":3,"minecraft:cobblestone":247,"minecraft:book":251,"minecraft:apple":9,"minecraft:golden_apple":2,"minecraft:coal_block":73,"minecraft:stick":13,"minecraft:iron_block":1,"tombstone:dust_of_vanishing":2,"minecraft:diorite":22,"minecraft:ink_sac":8,"tombstone:grave_dust":2,"minecraft:iron_leggings":1,"minecraft:iron_axe":1,"minecraft:smooth_stone":1,"minecraft:iron_shovel":1,"minecraft:paper":514,"minecraft:string":44,"minecraft:spruce_sapling":1,"minecraft:lapis_block":11,"minecraft:redstone_block":44,"minecraft:redstone":309,"minecraft:polished_diorite":12,"minecraft:stone_sword":1,"minecraft:stripped_oak_log":1,"minecraft:spruce_fence":8,"minecraft:shield":3,"minecraft:spruce_planks":2,"minecraft:iron_chestplate":4,"minecraft:diamond_pickaxe":1,"minecraft:andesite":6,"minecraft:golden_leggings":1,"minecraft:oak_sapling":8,"minecraft:spider_eye":2,"minecraft:stone_bricks":1,"minecraft:diamond_boots":3,"minecraft:stone_pickaxe":1,"supplementaries:flute":2},"minecraft:mined":{"minecraft:stone_pressure_plate":2,"minecraft:spruce_planks":8,"minecraft:white_bed":19,"minecraft:brewing_stand":1,"minecraft:granite":129,"minecraft:grass_block":54,"minecraft:coal_block":57,"minecraft:oxeye_daisy":1,"minecraft:iron_ore":199,"minecraft:blue_orchid":9,"minecraft:iron_block":7,"minecraft:kelp_plant":25,"minecraft:smoker":7,"minecraft:clay":9,"minecraft:torch":52,"minecraft:blast_furnace":11,"minecraft:poppy":1,"minecraft:cobblestone":93,"minecraft:sugar_cane":472,"minecraft:oak_planks":67,"minecraft:iron_door":1,"minecraft:wall_torch":20,"minecraft:seagrass":1,"minecraft:wheat":3,"minecraft:tnt":1,"minecraft:grass":86,"minecraft:oak_log":16,"minecraft:dirt":141,"minecraft:piston":1,"minecraft:oak_leaves":3,"minecraft:diamond_ore":57,"minecraft:oak_door":3,"minecraft:ladder":12,"minecraft:spruce_fence":20,"minecraft:kelp":10,"minecraft:hay_block":270,"minecraft:redstone_ore":162,"minecraft:furnace":4,"minecraft:andesite":182,"minecraft:gold_block":1,"minecraft:bookshelf":42,"minecraft:lantern":1,"minecraft:stripped_oak_log":2,"minecraft:bamboo":2,"minecraft:stone":2535,"supplementaries:wall_lantern":1,"minecraft:smithing_table":2,"minecraft:redstone_block":9,"minecraft:oak_fence":2,"minecraft:crafting_table":28,"minecraft:cornflower":1,"minecraft:emerald_ore":5,"minecraft:rose_bush":1,"minecraft:tall_grass":17,"minecraft:lapis_ore":30,"minecraft:diorite":210,"minecraft:birch_planks":2,"minecraft:spruce_log":2,"minecraft:coal_ore":956,"minecraft:sunflower":87,"minecraft:gravel":70,"minecraft:cobweb":26,"minecraft:stone_bricks":29,"minecraft:chipped_anvil":1,"minecraft:gold_ore":33,"minecraft:infested_stone":3},"minecraft:picked_up":{"minecraft:iron_chestplate":18,"minecraft:wheat":5,"minecraft:redstone_block":53,"minecraft:chainmail_boots":3,"minecraft:smithing_table":2,"minecraft:oak_stairs":1,"minecraft:enchanted_book":7,"minecraft:brewing_stand":1,"minecraft:lapis_block":17,"minecraft:string":48,"minecraft:iron_leggings":13,"minecraft:armor_stand":19,"minecraft:experience_bottle":4,"minecraft:diamond_leggings":1,"minecraft:smooth_stone":3,"minecraft:spruce_planks":8,"minecraft:rose_bush":1,"minecraft:iron_pickaxe":2,"minecraft:coal_block":130,"minecraft:furnace":4,"minecraft:iron_boots":12,"minecraft:golden_helmet":5,"minecraft:stick":21,"minecraft:oak_fence":11,"minecraft:torch":164,"minecraft:porkchop":10,"tombstone:grave_dust":5,"minecraft:diorite":208,"minecraft:rotten_flesh":26,"minecraft:iron_block":8,"minecraft:cod":1,"minecraft:blaze_powder":22,"minecraft:cobblestone":2603,"minecraft:birch_log":6,"minecraft:leather_chestplate":3,"minecraft:cooked_beef":1,"minecraft:magma_cream":10,"minecraft:iron_door":1,"minecraft:andesite":181,"minecraft:golden_leggings":4,"minecraft:smoker":7,"minecraft:flint":10,"supplementaries:flute":1,"minecraft:map":1,"minecraft:lapis_lazuli":329,"minecraft:dirt":270,"minecraft:lantern":18,"minecraft:bone":19,"minecraft:chipped_anvil":1,"minecraft:bow":1,"minecraft:wheat_seeds":28,"minecraft:glowstone_dust":2,"minecraft:diamond_helmet":1,"minecraft:bamboo":7,"minecraft:stone_hoe":1,"minecraft:oak_planks":86,"minecraft:cooked_porkchop":10,"minecraft:sand":4,"minecraft:ink_sac":10,"minecraft:diamond":108,"minecraft:writable_book":2,"minecraft:crossbow":6,"minecraft:granite":127,"minecraft:emerald":40,"minecraft:bread":84,"minecraft:oak_sapling":14,"minecraft:netherrack":3,"minecraft:diamond_pickaxe":1,"minecraft:crafting_table":30,"tombstone:dust_of_vanishing":1,"minecraft:ladder":12,"minecraft:clay_ball":36,"minecraft:leather_leggings":5,"minecraft:golden_pickaxe":1,"minecraft:gold_block":1,"minecraft:shield":15,"minecraft:cornflower":2,"minecraft:iron_axe":1,"minecraft:netherite_scrap":1,"minecraft:item_frame":2,"minecraft:iron_shovel":1,"minecraft:blue_orchid":8,"minecraft:beef":105,"minecraft:oak_boat":1,"minecraft:iron_nugget":2,"minecraft:poppy":1,"minecraft:sugar_cane":808,"minecraft:birch_sapling":3,"minecraft:piston":1,"minecraft:egg":5,"minecraft:oak_door":14,"minecraft:spruce_fence":28,"minecraft:cake":1,"minecraft:stone_button":4,"minecraft:cookie":2,"minecraft:redstone":1127,"minecraft:stone_pressure_plate":2,"minecraft:tnt":2,"minecraft:arrow":35,"minecraft:diamond_chestplate":1,"minecraft:pumpkin_pie":5,"minecraft:diamond_boots":7,"minecraft:hay_block":266,"minecraft:saddle":1,"minecraft:gold_ingot":18,"minecraft:mutton":12,"minecraft:white_wool":6,"minecraft:stripped_oak_log":2,"minecraft:leather":30,"minecraft:birch_planks":2,"minecraft:oak_log":190,"minecraft:gunpowder":25,"minecraft:paper":7,"minecraft:white_banner":3,"tombstone:gift":1,"minecraft:cooked_mutton":2,"minecraft:apple":10,"minecraft:stone_bricks":30,"minecraft:kelp":152,"minecraft:iron_ingot":60,"minecraft:cooked_chicken":1,"minecraft:iron_ore":217,"minecraft:iron_sword":4,"minecraft:book":245,"minecraft:oak_slab":6,"minecraft:quartz":1,"minecraft:gravel":169,"minecraft:spruce_sapling":1,"minecraft:blast_furnace":12,"minecraft:white_bed":17,"minecraft:spruce_log":2,"minecraft:gold_ore":38,"minecraft:spider_eye":3,"minecraft:leather_helmet":4,"minecraft:firework_rocket":2,"minecraft:stone_axe":1,"minecraft:iron_helmet":22,"minecraft:coal":1638,"minecraft:sunflower":87,"minecraft:ender_pearl":2},"minecraft:custom":{"minecraft:interact_with_crafting_table":124,"minecraft:open_barrel":6,"minecraft:eat_cake_slice":4,"minecraft:leave_game":7,"minecraft:time_since_death":664868,"minecraft:sprint_one_cm":1158712,"minecraft:damage_blocked_by_shield":5285,"minecraft:drop":284,"minecraft:talked_to_villager":18,"minecraft:jump":6622,"minecraft:interact_with_brewingstand":2,"minecraft:walk_on_water_one_cm":41146,"minecraft:enchant_item":1,"minecraft:interact_with_furnace":105,"minecraft:traded_with_villager":6,"minecraft:play_one_minute":664868,"minecraft:sleep_in_bed":13,"minecraft:damage_dealt":17713,"minecraft:crouch_one_cm":22098,"tombstone:undead_killed":40,"minecraft:interact_with_smoker":67,"minecraft:interact_with_smithing_table":8,"minecraft:interact_with_anvil":4,"minecraft:mob_kills":112,"minecraft:climb_one_cm":17326,"minecraft:walk_one_cm":1371432,"minecraft:damage_dealt_absorbed":80,"minecraft:target_hit":6,"minecraft:sneak_time":7295,"minecraft:walk_under_water_one_cm":10544,"minecraft:boat_one_cm":8734,"minecraft:interact_with_blast_furnace":33,"tombstone:raider_killed":9,"minecraft:raid_trigger":1,"minecraft:time_since_rest":111245,"minecraft:damage_taken":5703,"minecraft:swim_one_cm":56997,"minecraft:fly_one_cm":1355067,"minecraft:open_chest":186,"minecraft:fall_one_cm":157306},"minecraft:broken":{"minecraft:stone_axe":1,"minecraft:shield":1,"minecraft:iron_axe":3,"minecraft:iron_pickaxe":9,"minecraft:iron_helmet":1},"minecraft:killed":{"minecraft:witch":2,"minecraft:spider":14,"minecraft:dolphin":1,"minecraft:skeleton":20,"minecraft:silverfish":3,"minecraft:creeper":8,"minecraft:sheep":6,"minecraft:pillager":6,"minecraft:zombie":19,"minecraft:cow":24,"minecraft:vindicator":1,"supplementaries:firefly":1,"minecraft:drowned":1,"minecraft:squid":1}},"DataVersion":2586}