{"stats":{"minecraft:mined":{"minecraft:diamond_ore":19,"minecraft:spruce_planks":6,"minecraft:white_bed":7,"minecraft:oak_door":3,"minecraft:ladder":12,"minecraft:granite":58,"minecraft:grass_block":16,"minecraft:coal_block":30,"minecraft:oxeye_daisy":1,"minecraft:hay_block":184,"minecraft:redstone_ore":82,"minecraft:furnace":4,"minecraft:iron_ore":82,"minecraft:andesite":78,"minecraft:bookshelf":42,"minecraft:stripped_oak_log":1,"minecraft:stone":891,"minecraft:iron_block":6,"minecraft:smithing_table":1,"minecraft:redstone_block":6,"minecraft:smoker":5,"minecraft:oak_fence":1,"minecraft:crafting_table":21,"minecraft:torch":24,"minecraft:blast_furnace":9,"minecraft:poppy":1,"minecraft:rose_bush":1,"minecraft:tall_grass":10,"minecraft:cobblestone":24,"minecraft:lapis_ore":15,"minecraft:sugar_cane":23,"minecraft:oak_planks":47,"minecraft:iron_door":1,"minecraft:diorite":98,"minecraft:wall_torch":10,"minecraft:birch_planks":2,"minecraft:spruce_log":2,"minecraft:grass":74,"minecraft:oak_log":13,"minecraft:coal_ore":466,"minecraft:sunflower":1,"minecraft:gravel":34,"minecraft:dirt":45,"minecraft:stone_bricks":13,"minecraft:gold_ore":15,"minecraft:oak_leaves":3},"minecraft:picked_up":{"tombstone:dust_of_vanishing":1,"minecraft:crafting_table":23,"minecraft:iron_chestplate":16,"minecraft:redstone_block":6,"minecraft:chainmail_boots":3,"minecraft:ladder":12,"minecraft:smithing_table":1,"minecraft:enchanted_book":3,"minecraft:shield":3,"minecraft:lapis_block":6,"minecraft:cornflower":1,"minecraft:string":9,"minecraft:iron_leggings":13,"minecraft:item_frame":1,"minecraft:armor_stand":16,"minecraft:experience_bottle":2,"minecraft:smooth_stone":3,"minecraft:spruce_planks":6,"minecraft:beef":104,"minecraft:rose_bush":1,"minecraft:poppy":1,"minecraft:coal_block":103,"minecraft:sugar_cane":81,"minecraft:birch_sapling":3,"minecraft:furnace":4,"minecraft:iron_boots":12,"minecraft:egg":3,"minecraft:golden_helmet":5,"minecraft:stick":8,"minecraft:oak_door":7,"minecraft:oak_fence":10,"minecraft:torch":45,"minecraft:porkchop":10,"tombstone:grave_dust":2,"minecraft:diorite":98,"minecraft:redstone":673,"minecraft:arrow":10,"minecraft:rotten_flesh":12,"minecraft:hay_block":180,"minecraft:iron_block":6,"minecraft:gold_ingot":10,"minecraft:mutton":7,"minecraft:white_wool":3,"minecraft:cobblestone":915,"minecraft:birch_log":6,"minecraft:stripped_oak_log":2,"minecraft:iron_door":1,"minecraft:andesite":77,"minecraft:leather":28,"minecraft:golden_leggings":4,"minecraft:smoker":5,"minecraft:birch_planks":2,"minecraft:flint":5,"minecraft:oak_log":154,"minecraft:gunpowder":2,"minecraft:white_banner":3,"minecraft:paper":3,"minecraft:lapis_lazuli":103,"minecraft:dirt":70,"minecraft:lantern":12,"tombstone:gift":1,"minecraft:bone":7,"minecraft:apple":6,"minecraft:stone_bricks":13,"minecraft:bow":1,"minecraft:wheat_seeds":12,"minecraft:iron_ingot":3,"minecraft:iron_ore":100,"minecraft:stone_hoe":1,"minecraft:iron_sword":3,"minecraft:oak_planks":65,"minecraft:book":127,"minecraft:oak_slab":6,"minecraft:cooked_porkchop":10,"minecraft:gravel":113,"minecraft:blast_furnace":10,"minecraft:white_bed":5,"minecraft:spruce_log":2,"minecraft:gold_ore":20,"minecraft:spider_eye":3,"minecraft:leather_helmet":1,"minecraft:diamond":19,"minecraft:stone_axe":1,"minecraft:iron_helmet":16,"minecraft:crossbow":5,"minecraft:granite":58,"minecraft:emerald":1,"minecraft:bread":16,"minecraft:oak_sapling":4,"minecraft:coal":597},"minecraft:custom":{"minecraft:interact_with_smithing_table":2,"minecraft:interact_with_anvil":2,"minecraft:mob_kills":61,"minecraft:interact_with_crafting_table":68,"minecraft:open_barrel":5,"minecraft:leave_game":2,"minecraft:time_since_death":316147,"minecraft:climb_one_cm":11927,"minecraft:sprint_one_cm":550132,"minecraft:walk_one_cm":597956,"minecraft:damage_blocked_by_shield":2820,"minecraft:drop":106,"minecraft:damage_dealt_absorbed":80,"minecraft:talked_to_villager":3,"minecraft:target_hit":6,"minecraft:sneak_time":3162,"minecraft:walk_under_water_one_cm":1987,"minecraft:interact_with_brewingstand":1,"minecraft:jump":2848,"minecraft:interact_with_blast_furnace":25,"minecraft:walk_on_water_one_cm":13248,"minecraft:interact_with_furnace":72,"tombstone:raider_killed":7,"minecraft:play_one_minute":316147,"minecraft:raid_trigger":1,"minecraft:sleep_in_bed":5,"minecraft:time_since_rest":111662,"minecraft:damage_taken":3529,"minecraft:damage_dealt":9045,"minecraft:swim_one_cm":8054,"minecraft:fly_one_cm":599780,"minecraft:open_chest":124,"minecraft:crouch_one_cm":8128,"tombstone:undead_killed":18,"minecraft:interact_with_smoker":3,"minecraft:fall_one_cm":62292},"minecraft:killed":{"minecraft:witch":1,"minecraft:vindicator":1,"minecraft:spider":7,"minecraft:skeleton":11,"minecraft:sheep":3,"minecraft:pillager":5,"minecraft:zombie":7,"minecraft:cow":23},"minecraft:crafted":{"minecraft:oak_door":3,"minecraft:oak_planks":364,"minecraft:redstone":369,"minecraft:coal":621,"minecraft:furnace":2,"minecraft:cooked_mutton":3,"tombstone:dust_of_vanishing":2,"minecraft:iron_boots":1,"minecraft:iron_axe":3,"minecraft:stone_pickaxe":1,"minecraft:chest":6,"minecraft:redstone_block":81,"minecraft:cooked_beef":12,"minecraft:coal_block":120,"minecraft:oak_slab":6,"sophisticatedbackpacks:backpack":1,"minecraft:cooked_porkchop":10,"minecraft:crafting_table":5,"minecraft:spruce_planks":8,"minecraft:wooden_pickaxe":1,"minecraft:iron_helmet":1,"minecraft:birch_planks":24,"minecraft:hay_block":4,"minecraft:stone_axe":1,"minecraft:oak_boat":1,"minecraft:iron_chestplate":1,"minecraft:paper":3,"minecraft:shield":1,"minecraft:stick":48,"minecraft:iron_ingot":125,"minecraft:iron_pickaxe":10,"minecraft:stone_sword":1,"minecraft:iron_leggings":1,"minecraft:gold_ingot":15,"minecraft:white_bed":1,"minecraft:torch":68,"minecraft:lapis_lazuli":99,"minecraft:lapis_block":22},"minecraft:used":{"minecraft:oak_fence":2,"minecraft:rose_bush":1,"minecraft:armor_stand":12,"minecraft:ladder":12,"minecraft:chest":5,"minecraft:spruce_planks":3,"minecraft:shield":41,"minecraft:iron_sword":3,"minecraft:oak_door":8,"minecraft:torch":93,"minecraft:dirt":7,"minecraft:granite":10,"minecraft:lantern":10,"minecraft:iron_axe":337,"minecraft:iron_block":1,"minecraft:birch_sapling":3,"minecraft:stone_bricks":13,"minecraft:item_frame":1,"minecraft:bow":6,"minecraft:beef":2,"minecraft:hay_block":2,"minecraft:oak_sapling":4,"minecraft:furnace":5,"tombstone:gift":2,"minecraft:egg":2,"minecraft:cooked_beef":12,"minecraft:cooked_mutton":1,"minecraft:diorite":14,"minecraft:iron_ore":2,"minecraft:birch_planks":7,"minecraft:oak_planks":301,"minecraft:stone_pickaxe":71,"minecraft:wooden_pickaxe":7,"minecraft:redstone_block":5,"minecraft:crafting_table":25,"minecraft:blast_furnace":8,"minecraft:white_bed":6,"minecraft:oak_log":5,"minecraft:bread":35,"minecraft:iron_pickaxe":1852,"minecraft:iron_door":1,"minecraft:gravel":1,"minecraft:stone_axe":1,"minecraft:coal_block":3,"minecraft:cobblestone":142,"minecraft:cooked_porkchop":15,"minecraft:smithing_table":1,"minecraft:andesite":17,"minecraft:experience_bottle":2},"minecraft:broken":{"minecraft:iron_axe":1,"minecraft:stone_axe":1,"minecraft:iron_pickaxe":7},"minecraft:dropped":{"minecraft:enchanted_book":2,"minecraft:iron_sword":1,"minecraft:wheat_seeds":1,"minecraft:lapis_lazuli":4,"minecraft:golden_helmet":1,"minecraft:crafting_table":1,"minecraft:cooked_porkchop":5,"minecraft:iron_helmet":3,"minecraft:cobblestone":84,"minecraft:lantern":2,"minecraft:leather":12,"minecraft:apple":8,"minecraft:coal_block":73,"minecraft:cod":4,"minecraft:dirt":14,"tombstone:dust_of_vanishing":2,"minecraft:diorite":8,"minecraft:cornflower":1,"tombstone:grave_dust":1,"minecraft:iron_leggings":1,"minecraft:smooth_stone":1,"minecraft:paper":3,"minecraft:string":5,"minecraft:gold_ingot":25,"minecraft:oak_door":2,"minecraft:redstone":305,"minecraft:bone":5,"minecraft:gravel":3,"minecraft:stone_axe":1,"minecraft:compass":1,"minecraft:sugar_cane":36,"minecraft:stone_sword":1,"minecraft:wheat":1,"minecraft:rotten_flesh":7,"minecraft:oak_planks":20,"minecraft:stripped_oak_log":1,"minecraft:shield":1,"minecraft:iron_chestplate":2,"minecraft:andesite":3,"minecraft:chainmail_boots":2,"minecraft:golden_leggings":1,"minecraft:spider_eye":2,"minecraft:arrow":5,"minecraft:beef":90,"minecraft:stone_pickaxe":1}},"DataVersion":2586}