{"stats":{"minecraft:custom":{"minecraft:interact_with_smithing_table":1,"minecraft:mob_kills":41,"minecraft:interact_with_crafting_table":55,"minecraft:open_barrel":4,"minecraft:leave_game":1,"minecraft:time_since_death":191746,"minecraft:climb_one_cm":7896,"minecraft:sprint_one_cm":323085,"minecraft:walk_one_cm":399439,"minecraft:damage_blocked_by_shield":705,"minecraft:drop":40,"minecraft:talked_to_villager":1,"minecraft:sneak_time":2366,"minecraft:walk_under_water_one_cm":612,"minecraft:jump":1819,"minecraft:interact_with_blast_furnace":25,"minecraft:walk_on_water_one_cm":3372,"minecraft:interact_with_furnace":50,"minecraft:play_one_minute":191746,"minecraft:sleep_in_bed":4,"minecraft:time_since_rest":21009,"minecraft:damage_taken":1057,"minecraft:damage_dealt":5066,"minecraft:swim_one_cm":7601,"minecraft:fly_one_cm":361587,"minecraft:open_chest":68,"minecraft:crouch_one_cm":6488,"tombstone:undead_killed":9,"minecraft:interact_with_smoker":3,"minecraft:fall_one_cm":39297},"minecraft:killed":{"minecraft:spider":6,"minecraft:skeleton":7,"minecraft:sheep":3,"minecraft:zombie":2,"minecraft:cow":23},"minecraft:dropped":{"minecraft:wheat_seeds":1,"minecraft:crafting_table":1,"minecraft:cobblestone":70,"minecraft:lantern":2,"minecraft:leather":12,"minecraft:apple":4,"minecraft:coal_block":73,"minecraft:cod":4,"minecraft:dirt":14,"minecraft:diorite":8,"minecraft:smooth_stone":1,"minecraft:paper":2,"minecraft:redstone":305,"minecraft:bone":1,"minecraft:gravel":3,"minecraft:stone_axe":1,"minecraft:compass":1,"minecraft:sugar_cane":18,"minecraft:stone_sword":1,"minecraft:rotten_flesh":3,"minecraft:oak_planks":20,"minecraft:stripped_oak_log":1,"minecraft:andesite":3,"minecraft:spider_eye":1,"minecraft:beef":45,"minecraft:stone_pickaxe":1},"minecraft:crafted":{"minecraft:oak_door":3,"minecraft:oak_planks":332,"minecraft:redstone":369,"minecraft:coal":621,"minecraft:furnace":2,"minecraft:cooked_mutton":3,"minecraft:iron_boots":1,"minecraft:iron_axe":2,"minecraft:stone_pickaxe":1,"minecraft:chest":6,"minecraft:redstone_block":40,"minecraft:cooked_beef":12,"minecraft:coal_block":42,"sophisticatedbackpacks:backpack":1,"minecraft:cooked_porkchop":10,"minecraft:crafting_table":3,"minecraft:spruce_planks":8,"minecraft:wooden_pickaxe":1,"minecraft:iron_helmet":1,"minecraft:birch_planks":24,"minecraft:stone_axe":1,"minecraft:oak_boat":1,"minecraft:iron_chestplate":1,"minecraft:shield":1,"minecraft:stick":40,"minecraft:iron_ingot":116,"minecraft:iron_pickaxe":9,"minecraft:stone_sword":1,"minecraft:iron_leggings":1,"minecraft:gold_ingot":15,"minecraft:white_bed":1,"minecraft:torch":68,"minecraft:lapis_lazuli":99,"minecraft:lapis_block":11},"minecraft:mined":{"minecraft:diamond_ore":19,"minecraft:spruce_planks":6,"minecraft:white_bed":6,"minecraft:oak_door":3,"minecraft:ladder":4,"minecraft:granite":58,"minecraft:grass_block":7,"minecraft:coal_block":30,"minecraft:hay_block":101,"minecraft:redstone_ore":82,"minecraft:furnace":4,"minecraft:iron_ore":82,"minecraft:andesite":78,"minecraft:bookshelf":42,"minecraft:stripped_oak_log":1,"minecraft:stone":888,"minecraft:iron_block":5,"minecraft:smithing_table":1,"minecraft:redstone_block":1,"minecraft:smoker":3,"minecraft:crafting_table":16,"minecraft:torch":24,"minecraft:blast_furnace":7,"minecraft:rose_bush":1,"minecraft:tall_grass":8,"minecraft:cobblestone":18,"minecraft:lapis_ore":15,"minecraft:sugar_cane":15,"minecraft:oak_planks":28,"minecraft:iron_door":1,"minecraft:diorite":98,"minecraft:wall_torch":9,"minecraft:birch_planks":2,"minecraft:spruce_log":2,"minecraft:grass":71,"minecraft:oak_log":10,"minecraft:coal_ore":429,"minecraft:gravel":34,"minecraft:dirt":44,"minecraft:stone_bricks":13,"minecraft:gold_ore":15},"minecraft:broken":{"minecraft:iron_axe":1,"minecraft:stone_axe":1,"minecraft:iron_pickaxe":7},"minecraft:used":{"minecraft:rose_bush":1,"minecraft:armor_stand":7,"minecraft:ladder":4,"minecraft:chest":5,"minecraft:spruce_planks":3,"minecraft:shield":13,"minecraft:iron_sword":3,"minecraft:oak_door":6,"minecraft:torch":93,"minecraft:dirt":6,"minecraft:granite":10,"minecraft:iron_block":1,"minecraft:lantern":9,"minecraft:iron_axe":217,"minecraft:birch_sapling":3,"minecraft:stone_bricks":13,"minecraft:item_frame":1,"minecraft:beef":2,"minecraft:oak_sapling":2,"minecraft:furnace":5,"minecraft:cooked_beef":12,"minecraft:cooked_mutton":1,"minecraft:diorite":14,"minecraft:iron_ore":2,"minecraft:birch_planks":7,"minecraft:oak_planks":268,"minecraft:stone_pickaxe":71,"minecraft:wooden_pickaxe":7,"minecraft:crafting_table":19,"minecraft:blast_furnace":8,"minecraft:white_bed":6,"minecraft:oak_log":5,"minecraft:iron_pickaxe":1796,"minecraft:iron_door":1,"minecraft:gravel":1,"minecraft:stone_axe":1,"minecraft:coal_block":3,"minecraft:cobblestone":140,"minecraft:cooked_porkchop":6,"minecraft:smithing_table":1,"minecraft:andesite":17,"minecraft:experience_bottle":1},"minecraft:picked_up":{"minecraft:crafting_table":17,"minecraft:iron_chestplate":8,"minecraft:redstone_block":1,"minecraft:chainmail_boots":1,"minecraft:ladder":4,"minecraft:smithing_table":1,"minecraft:shield":2,"minecraft:string":9,"minecraft:item_frame":1,"minecraft:iron_leggings":7,"minecraft:armor_stand":11,"minecraft:experience_bottle":1,"minecraft:smooth_stone":3,"minecraft:spruce_planks":6,"minecraft:beef":59,"minecraft:rose_bush":1,"minecraft:coal_block":103,"minecraft:sugar_cane":45,"minecraft:birch_sapling":3,"minecraft:iron_boots":7,"minecraft:furnace":4,"minecraft:golden_helmet":4,"minecraft:stick":8,"minecraft:oak_door":4,"minecraft:oak_fence":8,"minecraft:torch":43,"minecraft:porkchop":10,"minecraft:diorite":98,"minecraft:redstone":368,"minecraft:arrow":5,"minecraft:rotten_flesh":5,"minecraft:hay_block":101,"minecraft:iron_block":5,"minecraft:gold_ingot":2,"minecraft:mutton":7,"minecraft:white_wool":3,"minecraft:cobblestone":904,"minecraft:stripped_oak_log":2,"minecraft:birch_log":6,"minecraft:iron_door":1,"minecraft:andesite":77,"minecraft:leather":16,"minecraft:golden_leggings":4,"minecraft:smoker":3,"minecraft:birch_planks":2,"minecraft:flint":5,"minecraft:oak_log":146,"minecraft:paper":2,"minecraft:lapis_lazuli":103,"minecraft:dirt":61,"minecraft:lantern":11,"minecraft:bone":4,"minecraft:apple":2,"minecraft:stone_bricks":13,"minecraft:wheat_seeds":11,"minecraft:iron_ingot":2,"minecraft:iron_ore":100,"minecraft:stone_hoe":1,"minecraft:iron_sword":2,"minecraft:oak_planks":47,"minecraft:book":127,"minecraft:cooked_porkchop":10,"minecraft:gravel":113,"minecraft:blast_furnace":8,"minecraft:white_bed":5,"minecraft:spruce_log":2,"minecraft:gold_ore":20,"minecraft:spider_eye":1,"minecraft:diamond":19,"minecraft:stone_axe":1,"minecraft:iron_helmet":7,"minecraft:granite":58,"minecraft:crossbow":4,"minecraft:bread":16,"minecraft:oak_sapling":2,"minecraft:coal":561}},"DataVersion":2586}