{"stats":{"minecraft:broken":{"minecraft:stone_axe":1,"minecraft:iron_pickaxe":6},"minecraft:used":{"minecraft:cooked_mutton":1,"minecraft:diorite":14,"minecraft:iron_ore":2,"minecraft:birch_planks":7,"minecraft:stone_pickaxe":71,"minecraft:oak_planks":8,"minecraft:chest":1,"minecraft:shield":2,"minecraft:spruce_planks":3,"minecraft:wooden_pickaxe":7,"minecraft:torch":93,"minecraft:dirt":5,"minecraft:crafting_table":14,"minecraft:blast_furnace":5,"minecraft:white_bed":2,"minecraft:granite":10,"minecraft:oak_log":5,"minecraft:lantern":6,"minecraft:iron_axe":76,"minecraft:birch_sapling":3,"minecraft:iron_pickaxe":1749,"minecraft:gravel":1,"minecraft:stone_bricks":13,"minecraft:stone_axe":1,"minecraft:coal_block":3,"minecraft:cobblestone":139,"minecraft:beef":2,"minecraft:oak_sapling":2,"minecraft:furnace":5,"minecraft:andesite":17,"minecraft:cooked_beef":5},"minecraft:crafted":{"minecraft:cooked_beef":12,"minecraft:coal_block":42,"minecraft:oak_planks":48,"minecraft:coal":9,"minecraft:cooked_porkchop":10,"minecraft:crafting_table":2,"minecraft:spruce_planks":8,"minecraft:wooden_pickaxe":1,"minecraft:iron_helmet":1,"minecraft:furnace":2,"minecraft:birch_planks":24,"minecraft:stone_axe":1,"minecraft:cooked_mutton":3,"minecraft:oak_boat":1,"minecraft:iron_boots":1,"minecraft:iron_chestplate":1,"minecraft:shield":1,"minecraft:iron_axe":1,"minecraft:stick":32,"minecraft:iron_ingot":80,"minecraft:iron_pickaxe":7,"minecraft:stone_pickaxe":1,"minecraft:chest":1,"minecraft:stone_sword":1,"minecraft:gold_ingot":15,"minecraft:iron_leggings":1,"minecraft:white_bed":1,"minecraft:redstone_block":40,"minecraft:torch":68,"minecraft:lapis_block":11},"minecraft:picked_up":{"minecraft:birch_log":6,"minecraft:iron_chestplate":4,"minecraft:crafting_table":13,"minecraft:redstone_block":1,"minecraft:andesite":77,"minecraft:birch_planks":2,"minecraft:flint":5,"minecraft:oak_log":17,"minecraft:shield":1,"minecraft:lapis_lazuli":103,"minecraft:dirt":47,"minecraft:lantern":8,"minecraft:iron_leggings":4,"minecraft:armor_stand":4,"minecraft:stone_bricks":13,"minecraft:spruce_planks":6,"minecraft:iron_ingot":2,"minecraft:beef":14,"minecraft:iron_ore":99,"minecraft:coal_block":14,"minecraft:sugar_cane":9,"minecraft:iron_sword":1,"minecraft:birch_sapling":3,"minecraft:iron_boots":4,"minecraft:furnace":4,"minecraft:book":125,"minecraft:stick":8,"minecraft:cooked_porkchop":10,"minecraft:torch":43,"minecraft:gravel":113,"minecraft:porkchop":10,"minecraft:blast_furnace":7,"minecraft:diorite":98,"minecraft:white_bed":2,"minecraft:spruce_log":2,"minecraft:gold_ore":20,"minecraft:redstone":368,"minecraft:arrow":2,"minecraft:diamond":19,"minecraft:stone_axe":1,"minecraft:iron_helmet":4,"minecraft:granite":58,"minecraft:gold_ingot":2,"minecraft:bread":16,"minecraft:oak_sapling":2,"minecraft:mutton":7,"minecraft:coal":531,"minecraft:white_wool":3,"minecraft:cobblestone":895},"minecraft:mined":{"minecraft:diamond_ore":19,"minecraft:redstone_block":1,"minecraft:white_bed":2,"minecraft:spruce_planks":6,"minecraft:crafting_table":12,"minecraft:torch":24,"minecraft:granite":58,"minecraft:blast_furnace":6,"minecraft:grass_block":7,"minecraft:coal_block":14,"minecraft:cobblestone":10,"minecraft:lapis_ore":15,"minecraft:sugar_cane":3,"minecraft:diorite":98,"minecraft:wall_torch":9,"minecraft:birch_planks":2,"minecraft:redstone_ore":82,"minecraft:furnace":4,"minecraft:iron_ore":82,"minecraft:spruce_log":2,"minecraft:andesite":78,"minecraft:grass":4,"minecraft:bookshelf":42,"minecraft:coal_ore":419,"minecraft:gravel":34,"minecraft:dirt":43,"minecraft:stone_bricks":13,"minecraft:stone":887,"minecraft:gold_ore":15},"minecraft:dropped":{"minecraft:gravel":3,"minecraft:stone_axe":1,"minecraft:compass":1,"minecraft:stone_sword":1,"minecraft:crafting_table":1,"minecraft:cobblestone":70,"minecraft:lantern":2,"minecraft:dirt":14,"minecraft:diorite":8,"minecraft:andesite":3,"minecraft:stone_pickaxe":1},"minecraft:killed":{"minecraft:sheep":3,"minecraft:skeleton":3,"minecraft:zombie":1,"minecraft:cow":1},"minecraft:custom":{"minecraft:interact_with_furnace":34,"minecraft:mob_kills":7,"minecraft:interact_with_crafting_table":33,"minecraft:open_barrel":2,"minecraft:play_one_minute":98737,"minecraft:time_since_death":98737,"minecraft:sleep_in_bed":1,"minecraft:climb_one_cm":2940,"minecraft:time_since_rest":18720,"minecraft:sprint_one_cm":154923,"minecraft:damage_blocked_by_shield":55,"minecraft:damage_taken":204,"minecraft:walk_one_cm":227804,"minecraft:drop":12,"minecraft:damage_dealt":831,"minecraft:swim_one_cm":7601,"minecraft:fly_one_cm":192344,"minecraft:open_chest":15,"minecraft:crouch_one_cm":5445,"tombstone:undead_killed":4,"minecraft:sneak_time":1502,"minecraft:walk_under_water_one_cm":374,"minecraft:jump":1073,"minecraft:interact_with_blast_furnace":20,"minecraft:walk_on_water_one_cm":2743,"minecraft:interact_with_smoker":1,"minecraft:fall_one_cm":20954}},"DataVersion":2586}