{"stats":{"minecraft:custom":{"minecraft:interact_with_smithing_table":1,"minecraft:mob_kills":45,"minecraft:interact_with_crafting_table":61,"minecraft:open_barrel":4,"minecraft:leave_game":2,"minecraft:time_since_death":222863,"minecraft:climb_one_cm":8770,"minecraft:sprint_one_cm":371570,"minecraft:walk_one_cm":446166,"minecraft:damage_blocked_by_shield":1055,"minecraft:drop":52,"minecraft:talked_to_villager":1,"minecraft:sneak_time":2394,"minecraft:walk_under_water_one_cm":821,"minecraft:jump":2044,"minecraft:interact_with_blast_furnace":25,"minecraft:walk_on_water_one_cm":8150,"minecraft:interact_with_furnace":55,"minecraft:play_one_minute":222863,"minecraft:sleep_in_bed":5,"minecraft:time_since_rest":18378,"minecraft:damage_taken":1668,"minecraft:damage_dealt":5620,"minecraft:swim_one_cm":7601,"minecraft:fly_one_cm":420552,"minecraft:open_chest":79,"minecraft:crouch_one_cm":6511,"tombstone:undead_killed":11,"minecraft:interact_with_smoker":3,"minecraft:fall_one_cm":44381},"minecraft:killed":{"minecraft:spider":7,"minecraft:skeleton":9,"minecraft:sheep":3,"minecraft:zombie":2,"minecraft:cow":23},"minecraft:dropped":{"minecraft:wheat_seeds":1,"minecraft:lapis_lazuli":4,"minecraft:crafting_table":1,"minecraft:cobblestone":76,"minecraft:lantern":2,"minecraft:leather":12,"minecraft:apple":8,"minecraft:coal_block":73,"minecraft:cod":4,"minecraft:dirt":14,"minecraft:diorite":8,"minecraft:cornflower":1,"minecraft:smooth_stone":1,"minecraft:paper":3,"minecraft:redstone":305,"minecraft:bone":1,"minecraft:gravel":3,"minecraft:stone_axe":1,"minecraft:compass":1,"minecraft:sugar_cane":36,"minecraft:stone_sword":1,"minecraft:wheat":1,"minecraft:rotten_flesh":3,"minecraft:oak_planks":20,"minecraft:stripped_oak_log":1,"minecraft:andesite":3,"minecraft:golden_leggings":1,"minecraft:spider_eye":2,"minecraft:beef":45,"minecraft:stone_pickaxe":1},"minecraft:crafted":{"minecraft:oak_door":3,"minecraft:oak_planks":332,"minecraft:redstone":369,"minecraft:coal":621,"minecraft:furnace":2,"minecraft:cooked_mutton":3,"minecraft:iron_boots":1,"minecraft:iron_axe":2,"minecraft:stone_pickaxe":1,"minecraft:chest":6,"minecraft:redstone_block":81,"minecraft:cooked_beef":12,"minecraft:coal_block":115,"sophisticatedbackpacks:backpack":1,"minecraft:cooked_porkchop":10,"minecraft:crafting_table":4,"minecraft:spruce_planks":8,"minecraft:wooden_pickaxe":1,"minecraft:iron_helmet":1,"minecraft:hay_block":4,"minecraft:birch_planks":24,"minecraft:stone_axe":1,"minecraft:oak_boat":1,"minecraft:iron_chestplate":1,"minecraft:shield":1,"minecraft:stick":40,"minecraft:iron_ingot":116,"minecraft:iron_pickaxe":9,"minecraft:stone_sword":1,"minecraft:iron_leggings":1,"minecraft:gold_ingot":15,"minecraft:white_bed":1,"minecraft:torch":68,"minecraft:lapis_lazuli":99,"minecraft:lapis_block":22},"minecraft:mined":{"minecraft:diamond_ore":19,"minecraft:spruce_planks":6,"minecraft:white_bed":7,"minecraft:oak_door":3,"minecraft:ladder":8,"minecraft:granite":58,"minecraft:grass_block":7,"minecraft:coal_block":30,"minecraft:hay_block":142,"minecraft:redstone_ore":82,"minecraft:furnace":4,"minecraft:iron_ore":82,"minecraft:andesite":78,"minecraft:bookshelf":42,"minecraft:stripped_oak_log":1,"minecraft:stone":891,"minecraft:iron_block":5,"minecraft:smithing_table":1,"minecraft:redstone_block":1,"minecraft:smoker":4,"minecraft:oak_fence":1,"minecraft:crafting_table":19,"minecraft:torch":24,"minecraft:blast_furnace":9,"minecraft:rose_bush":1,"minecraft:tall_grass":8,"minecraft:cobblestone":19,"minecraft:lapis_ore":15,"minecraft:sugar_cane":15,"minecraft:oak_planks":28,"minecraft:iron_door":1,"minecraft:diorite":98,"minecraft:wall_torch":9,"minecraft:birch_planks":2,"minecraft:spruce_log":2,"minecraft:grass":71,"minecraft:oak_log":10,"minecraft:coal_ore":429,"minecraft:sunflower":1,"minecraft:gravel":34,"minecraft:dirt":44,"minecraft:stone_bricks":13,"minecraft:gold_ore":15},"minecraft:broken":{"minecraft:iron_axe":1,"minecraft:stone_axe":1,"minecraft:iron_pickaxe":7},"minecraft:used":{"minecraft:oak_fence":2,"minecraft:rose_bush":1,"minecraft:armor_stand":8,"minecraft:ladder":8,"minecraft:chest":5,"minecraft:spruce_planks":3,"minecraft:shield":21,"minecraft:iron_sword":3,"minecraft:oak_door":6,"minecraft:torch":93,"minecraft:dirt":6,"minecraft:granite":10,"minecraft:iron_block":1,"minecraft:lantern":9,"minecraft:iron_axe":233,"minecraft:birch_sapling":3,"minecraft:stone_bricks":13,"minecraft:item_frame":1,"minecraft:beef":2,"minecraft:oak_sapling":2,"minecraft:furnace":5,"tombstone:gift":2,"minecraft:egg":1,"minecraft:cooked_beef":12,"minecraft:cooked_mutton":1,"minecraft:diorite":14,"minecraft:iron_ore":2,"minecraft:birch_planks":7,"minecraft:oak_planks":268,"minecraft:stone_pickaxe":71,"minecraft:wooden_pickaxe":7,"minecraft:crafting_table":23,"minecraft:blast_furnace":8,"minecraft:white_bed":6,"minecraft:oak_log":5,"minecraft:bread":2,"minecraft:iron_pickaxe":1803,"minecraft:iron_door":1,"minecraft:gravel":1,"minecraft:stone_axe":1,"minecraft:coal_block":3,"minecraft:cobblestone":140,"minecraft:cooked_porkchop":15,"minecraft:smithing_table":1,"minecraft:andesite":17,"minecraft:experience_bottle":2},"minecraft:picked_up":{"minecraft:crafting_table":20,"minecraft:iron_chestplate":9,"minecraft:redstone_block":1,"minecraft:chainmail_boots":1,"minecraft:ladder":8,"minecraft:smithing_table":1,"minecraft:enchanted_book":1,"minecraft:shield":2,"minecraft:cornflower":1,"minecraft:string":9,"minecraft:item_frame":1,"minecraft:iron_leggings":8,"minecraft:armor_stand":12,"minecraft:experience_bottle":2,"minecraft:smooth_stone":3,"minecraft:spruce_planks":6,"minecraft:beef":104,"minecraft:rose_bush":1,"minecraft:coal_block":103,"minecraft:sugar_cane":63,"minecraft:birch_sapling":3,"minecraft:egg":2,"minecraft:iron_boots":8,"minecraft:furnace":4,"minecraft:golden_helmet":4,"minecraft:stick":8,"minecraft:oak_door":4,"minecraft:oak_fence":10,"minecraft:torch":43,"minecraft:porkchop":10,"minecraft:diorite":98,"minecraft:redstone":673,"minecraft:arrow":5,"minecraft:rotten_flesh":5,"minecraft:hay_block":138,"minecraft:iron_block":5,"minecraft:gold_ingot":2,"minecraft:mutton":7,"minecraft:white_wool":3,"minecraft:cobblestone":910,"minecraft:stripped_oak_log":2,"minecraft:birch_log":6,"minecraft:iron_door":1,"minecraft:andesite":77,"minecraft:leather":28,"minecraft:golden_leggings":4,"minecraft:smoker":4,"minecraft:birch_planks":2,"minecraft:flint":5,"minecraft:oak_log":146,"minecraft:paper":3,"minecraft:lapis_lazuli":103,"minecraft:dirt":61,"minecraft:lantern":11,"tombstone:gift":1,"minecraft:bone":4,"minecraft:apple":6,"minecraft:stone_bricks":13,"minecraft:wheat_seeds":11,"minecraft:iron_ingot":2,"minecraft:iron_ore":100,"minecraft:stone_hoe":1,"minecraft:iron_sword":2,"minecraft:oak_planks":47,"minecraft:book":127,"minecraft:cooked_porkchop":10,"minecraft:gravel":113,"minecraft:blast_furnace":10,"minecraft:white_bed":5,"minecraft:spruce_log":2,"minecraft:gold_ore":20,"minecraft:spider_eye":3,"minecraft:diamond":19,"minecraft:stone_axe":1,"minecraft:iron_helmet":8,"minecraft:granite":58,"minecraft:crossbow":4,"minecraft:bread":16,"minecraft:oak_sapling":2,"minecraft:coal":561}},"DataVersion":2586}